1,Maurita,Feander,Research Nurse,FResearch Nurse,Research Nurse,mfeander0,Somali
2,Farrell,Fursse,Safety Technician III,MSafety Technician III,Safety Technician III,ffursse1,Tajik
3,Maxy,Bonnell,Analog Circuit Design manager,MAnalog Circuit Design manager,Analog Circuit Design manager,mbonnell2,Swati
4,Mavra,Swanwick,GIS Technical Architect,FGIS Technical Architect,GIS Technical Architect,mswanwick3,Malagasy
5,Rafi,Sammons,Budget/Accounting Analyst II,MBudget/Accounting Analyst II,Budget/Accounting Analyst II,rsammons4,French
6,Dieter,Manifield,Chief Design Engineer,MChief Design Engineer,Chief Design Engineer,dmanifield5,Thai
7,Kimberley,Siseland,VP Product Management,FVP Product Management,VP Product Management,ksiseland6,Kurdish
8,Carroll,McCole,Internal Auditor,MInternal Auditor,Internal Auditor,cmccole7,Armenian
9,Fremont,Wyne,Staff Accountant I,MStaff Accountant I,Staff Accountant I,fwyne8,Greek
10,Brynn,Finkle,Assistant Professor,FAssistant Professor,Assistant Professor,bfinkle9,Malagasy
11,Carolin,Anney,Professor,FProfessor,Professor,canneya,Korean
12,Dannye,McKinney,Programmer Analyst I,FProgrammer Analyst I,Programmer Analyst I,dmckinneyb,Khmer
13,Klarika,Daelman,Research Associate,FResearch Associate,Research Associate,kdaelmanc,Latvian
14,Trula,Fines,Compensation Analyst,FCompensation Analyst,Compensation Analyst,tfinesd,German
15,Rayna,Mayfield,Assistant Manager,FAssistant Manager,Assistant Manager,rmayfielde,Belarusian
16,Reta,Hunting,Geological Engineer,FGeological Engineer,Geological Engineer,rhuntingf,Arabic
17,Garrard,Hemphall,Chemical Engineer,MChemical Engineer,Chemical Engineer,ghemphallg,Estonian
18,Felita,Farquharson,Tax Accountant,FTax Accountant,Tax Accountant,ffarquharsonh,Kurdish
19,Teodor,Measom,Structural Analysis Engineer,MStructural Analysis Engineer,Structural Analysis Engineer,tmeasomi,Irish Gaelic
20,Bartholomeo,Seares,Assistant Manager,MAssistant Manager,Assistant Manager,bsearesj,West Frisian
21,Karel,Kimbly,Software Engineer II,FSoftware Engineer II,Software Engineer II,kkimblyk,Ndebele
22,Haroun,O'Fergus,Associate Professor,MAssociate Professor,Associate Professor,hofergusl,New Zealand Sign Language
23,Garrik,Fanton,Civil Engineer,MCivil Engineer,Civil Engineer,gfantonm,Swati
24,Ethelbert,Benedit,Editor,MEditor,Editor,ebeneditn,Kyrgyz
25,Felix,Hegg,Computer Systems Analyst IV,MComputer Systems Analyst IV,Computer Systems Analyst IV,fheggo,Kurdish
26,Orelie,Tiffney,Compensation Analyst,FCompensation Analyst,Compensation Analyst,otiffneyp,Catalan
27,Jorgan,Richemond,General Manager,MGeneral Manager,General Manager,jrichemondq,Assamese
28,Adelle,Sciacovelli,Marketing Assistant,FMarketing Assistant,Marketing Assistant,asciacovellir,Tsonga
29,Dalia,Diwell,Product Engineer,FProduct Engineer,Product Engineer,ddiwells,Lithuanian
30,Hannis,Merrington,Analyst Programmer,FAnalyst Programmer,Analyst Programmer,hmerringtont,Albanian
31,Brew,Gabbitus,Recruiter,MRecruiter,Recruiter,bgabbitusu,Khmer
32,Charla,MacCrachen,Assistant Manager,FAssistant Manager,Assistant Manager,cmaccrachenv,Latvian
33,Paddy,Sibary,Associate Professor,MAssociate Professor,Associate Professor,psibaryw,Fijian
34,Millard,Tadman,Nurse,MNurse,Nurse,mtadmanx,Ndebele
35,Mab,Frie,Software Consultant,FSoftware Consultant,Software Consultant,mfriey,English
36,Bevan,McTerrelly,Administrative Officer,MAdministrative Officer,Administrative Officer,bmcterrellyz,Tok Pisin
37,Reggie,Dovinson,Research Assistant III,MResearch Assistant III,Research Assistant III,rdovinson10,Indonesian
38,Katheryn,Iacovides,Professor,FProfessor,Professor,kiacovides11,Dzongkha
39,Imelda,Yarnell,Human Resources Assistant II,FHuman Resources Assistant II,Human Resources Assistant II,iyarnell12,Malagasy
40,Octavia,Inkpin,Systems Administrator II,FSystems Administrator II,Systems Administrator II,oinkpin13,Mongolian
41,Bryana,Pochet,Executive Secretary,FExecutive Secretary,Executive Secretary,bpochet14,Azeri
42,Jarret,Giovanitti,Nurse,MNurse,Nurse,jgiovanitti15,Gujarati
43,Casar,Dutton,Desktop Support Technician,MDesktop Support Technician,Desktop Support Technician,cdutton16,Kurdish
44,Filip,Boak,Accountant II,MAccountant II,Accountant II,fboak17,Lao
45,Bent,Ludwikiewicz,Senior Financial Analyst,MSenior Financial Analyst,Senior Financial Analyst,bludwikiewicz18,Kazakh
46,Hillel,Bessell,Paralegal,MParalegal,Paralegal,hbessell19,Malay
47,Lacey,Lincey,Account Executive,FAccount Executive,Account Executive,llincey1a,Luxembourgish
48,Paule,Brodhead,Librarian,FLibrarian,Librarian,pbrodhead1b,Bosnian
49,Janifer,Boulsher,Sales Associate,FSales Associate,Sales Associate,jboulsher1c,Finnish
50,Randi,Galsworthy,Associate Professor,MAssociate Professor,Associate Professor,rgalsworthy1d,Danish
51,Katharina,Raimbauld,Administrative Assistant IV,FAdministrative Assistant IV,Administrative Assistant IV,kraimbauld1e,Greek
52,Valery,Pridden,Financial Advisor,FFinancial Advisor,Financial Advisor,vpridden1f,Northern Sotho
53,Celle,Sykora,Internal Auditor,FInternal Auditor,Internal Auditor,csykora1g,Pashto
54,Thom,Paal,Structural Analysis Engineer,MStructural Analysis Engineer,Structural Analysis Engineer,tpaal1h,Dzongkha
55,Gris,Duxbury,Recruiter,MRecruiter,Recruiter,gduxbury1i,Burmese
56,Forster,Mayberry,Occupational Therapist,MOccupational Therapist,Occupational Therapist,fmayberry1j,Marathi
57,Elvera,Ditty,Quality Control Specialist,FQuality Control Specialist,Quality Control Specialist,editty1k,Swati
58,Kev,Tompion,Programmer Analyst IV,MProgrammer Analyst IV,Programmer Analyst IV,ktompion1l,Indonesian
59,Sauncho,Polson,Software Test Engineer II,MSoftware Test Engineer II,Software Test Engineer II,spolson1m,Finnish
60,Opalina,Cissell,Senior Cost Accountant,FSenior Cost Accountant,Senior Cost Accountant,ocissell1n,Latvian
61,Mufi,Hewell,Recruiter,FRecruiter,Recruiter,mhewell1o,Belarusian
62,Perren,Dunseith,Sales Associate,MSales Associate,Sales Associate,pdunseith1p,Dutch
63,Sigismund,Zanussii,Actuary,MActuary,Actuary,szanussii1q,Nepali
64,Brianne,Beckenham,Registered Nurse,FRegistered Nurse,Registered Nurse,bbeckenham1r,Czech
65,Wylie,Simcock,Physical Therapy Assistant,MPhysical Therapy Assistant,Physical Therapy Assistant,wsimcock1s,Moldovan
66,Carson,Mould,Financial Advisor,MFinancial Advisor,Financial Advisor,cmould1t,Papiamento
67,Des,Brunotti,Analyst Programmer,MAnalyst Programmer,Analyst Programmer,dbrunotti1u,Khmer
68,Willdon,Haggarth,Human Resources Assistant I,MHuman Resources Assistant I,Human Resources Assistant I,whaggarth1v,West Frisian
69,Curt,Leghorn,Research Associate,MResearch Associate,Research Associate,cleghorn1w,Kyrgyz
70,Cecily,Gownge,Sales Representative,FSales Representative,Sales Representative,cgownge1x,Guaraní
71,Stillman,Adne,Recruiting Manager,MRecruiting Manager,Recruiting Manager,sadne1y,Bulgarian
72,Pip,Briatt,Paralegal,MParalegal,Paralegal,pbriatt1z,Romanian
73,Beltran,Lepper,Biostatistician I,MBiostatistician I,Biostatistician I,blepper20,Hiri Motu
74,Layla,Fulham,Project Manager,FProject Manager,Project Manager,lfulham21,Māori
75,Darn,Fortun,Executive Secretary,MExecutive Secretary,Executive Secretary,dfortun22,Portuguese
76,Linea,Swinden,Assistant Manager,FAssistant Manager,Assistant Manager,lswinden23,Maltese
77,Glennis,Oglevie,VP Accounting,FVP Accounting,VP Accounting,goglevie24,Burmese
78,Ced,Aronstam,Senior Quality Engineer,MSenior Quality Engineer,Senior Quality Engineer,caronstam25,Telugu
79,Konstantine,Hewins,Pharmacist,MPharmacist,Pharmacist,khewins26,Gagauz
80,Stacy,Goater,Analyst Programmer,FAnalyst Programmer,Analyst Programmer,sgoater27,Aymara
81,Tally,Awton,Data Coordiator,FData Coordiator,Data Coordiator,tawton28,Spanish
82,Sherry,Huchot,Research Assistant III,FResearch Assistant III,Research Assistant III,shuchot29,Khmer
83,Kurt,Chapling,Software Engineer III,MSoftware Engineer III,Software Engineer III,kchapling2a,Armenian
84,Katharyn,McNern,Database Administrator III,FDatabase Administrator III,Database Administrator III,kmcnern2b,New Zealand Sign Language
85,Else,Hatherley,VP Accounting,FVP Accounting,VP Accounting,ehatherley2c,Greek
86,Yorker,Steckings,VP Accounting,MVP Accounting,VP Accounting,ysteckings2d,Persian
87,Terri-jo,Nunns,Sales Representative,FSales Representative,Sales Representative,tnunns2e,Moldovan
88,Matthiew,Redolfi,Staff Accountant IV,MStaff Accountant IV,Staff Accountant IV,mredolfi2f,Chinese
89,Emlyn,Chrystie,Actuary,MActuary,Actuary,echrystie2g,Italian
90,Alejoa,Lunk,Business Systems Development Analyst,MBusiness Systems Development Analyst,Business Systems Development Analyst,alunk2h,Amharic
91,Antonin,Slaney,Payment Adjustment Coordinator,MPayment Adjustment Coordinator,Payment Adjustment Coordinator,aslaney2i,Ndebele
92,Cathrin,Delepine,Staff Accountant III,FStaff Accountant III,Staff Accountant III,cdelepine2j,Pashto
93,Zolly,Ivimey,Account Representative I,MAccount Representative I,Account Representative I,zivimey2k,Hungarian
94,Kayla,Sartin,Analog Circuit Design manager,FAnalog Circuit Design manager,Analog Circuit Design manager,ksartin2l,Indonesian
95,Celestina,Pickerill,Marketing Assistant,FMarketing Assistant,Marketing Assistant,cpickerill2m,Tamil
96,Michael,Sleit,Research Associate,MResearch Associate,Research Associate,msleit2n,Malay
97,Cammie,Guilloux,Senior Developer,FSenior Developer,Senior Developer,cguilloux2o,Tok Pisin
98,Rois,Canero,Programmer Analyst I,FProgrammer Analyst I,Programmer Analyst I,rcanero2p,Telugu
99,Almira,Linton,Actuary,FActuary,Actuary,alinton2q,Malayalam
100,De witt,Charlesworth,Safety Technician I,MSafety Technician I,Safety Technician I,dcharlesworth2r,Filipino
101,Carmine,McIllroy,Assistant Manager,FAssistant Manager,Assistant Manager,cmcillroy2s,Danish
102,Laurena,Donisthorpe,Internal Auditor,FInternal Auditor,Internal Auditor,ldonisthorpe2t,Swahili
103,Jolyn,Shanahan,Software Consultant,FSoftware Consultant,Software Consultant,jshanahan2u,Papiamento
104,Thayne,Simonnet,Accounting Assistant III,MAccounting Assistant III,Accounting Assistant III,tsimonnet2v,Punjabi
105,Carena,Francklyn,Software Consultant,FSoftware Consultant,Software Consultant,cfrancklyn2w,Bislama
106,Jacklyn,Cawkwell,Chief Design Engineer,FChief Design Engineer,Chief Design Engineer,jcawkwell2x,Romanian
107,Rebecka,Botte,VP Marketing,FVP Marketing,VP Marketing,rbotte2y,Korean
108,Meridith,Dallyn,Computer Systems Analyst IV,FComputer Systems Analyst IV,Computer Systems Analyst IV,mdallyn2z,Swahili
109,Gaston,Abbes,Software Engineer II,MSoftware Engineer II,Software Engineer II,gabbes30,Pashto
110,Dukie,Heathcott,Help Desk Operator,MHelp Desk Operator,Help Desk Operator,dheathcott31,Kazakh
111,Rosalia,Youngman,Automation Specialist I,FAutomation Specialist I,Automation Specialist I,ryoungman32,Filipino
112,Skipp,Lardeur,Environmental Specialist,MEnvironmental Specialist,Environmental Specialist,slardeur33,Kurdish
113,Gottfried,Sieve,Technical Writer,MTechnical Writer,Technical Writer,gsieve34,Khmer
114,Jacqui,Tilt,Sales Representative,FSales Representative,Sales Representative,jtilt35,Tok Pisin
115,Ginni,Brockest,Director of Sales,FDirector of Sales,Director of Sales,gbrockest36,Tajik
116,Pamelina,Youel,Registered Nurse,FRegistered Nurse,Registered Nurse,pyouel37,Moldovan
117,Lorin,Welman,Quality Engineer,MQuality Engineer,Quality Engineer,lwelman38,Norwegian
118,Derwin,Bithany,Senior Sales Associate,MSenior Sales Associate,Senior Sales Associate,dbithany39,Marathi
119,Aloise,Bodley,Professor,FProfessor,Professor,abodley3a,Montenegrin
120,Brit,Gormally,Analog Circuit Design manager,FAnalog Circuit Design manager,Analog Circuit Design manager,bgormally3b,Pashto
121,Dov,Gwyther,Recruiting Manager,MRecruiting Manager,Recruiting Manager,dgwyther3c,Oriya
122,Dougy,Americi,Budget/Accounting Analyst I,MBudget/Accounting Analyst I,Budget/Accounting Analyst I,damerici3d,West Frisian
123,Desmond,Wickwar,Cost Accountant,MCost Accountant,Cost Accountant,dwickwar3e,Bengali
124,Alysa,Strowan,Mechanical Systems Engineer,FMechanical Systems Engineer,Mechanical Systems Engineer,astrowan3f,New Zealand Sign Language
125,Giacomo,Iggalden,Financial Analyst,MFinancial Analyst,Financial Analyst,giggalden3g,Dhivehi
126,Vikky,Vassano,Geological Engineer,FGeological Engineer,Geological Engineer,vvassano3h,Czech
127,Julia,Prewett,Sales Associate,FSales Associate,Sales Associate,jprewett3i,Thai
128,Chevalier,Wickstead,Geologist I,MGeologist I,Geologist I,cwickstead3j,Finnish
129,Zebulon,Capponer,Developer IV,MDeveloper IV,Developer IV,zcapponer3k,Macedonian
130,Ulrika,Grime,Pharmacist,FPharmacist,Pharmacist,ugrime3l,Chinese
131,Chariot,Josephoff,Design Engineer,MDesign Engineer,Design Engineer,cjosephoff3m,Quechua
132,Kailey,Weightman,Junior Executive,FJunior Executive,Junior Executive,kweightman3n,Tok Pisin
133,Olin,Canavan,Project Manager,MProject Manager,Project Manager,ocanavan3o,Aymara
134,Jerrie,Armfield,Account Executive,FAccount Executive,Account Executive,jarmfield3p,Hebrew
135,Sheila-kathryn,Manjot,Environmental Tech,FEnvironmental Tech,Environmental Tech,smanjot3q,Bulgarian
136,Hobie,Schiesterl,Analog Circuit Design manager,MAnalog Circuit Design manager,Analog Circuit Design manager,hschiesterl3r,Yiddish
137,Mozes,Wozencraft,Technical Writer,MTechnical Writer,Technical Writer,mwozencraft3s,Lithuanian
138,Chloris,De Domenico,Teacher,FTeacher,Teacher,cdedomenico3t,Kazakh
139,Kristopher,Fredson,Senior Sales Associate,MSenior Sales Associate,Senior Sales Associate,kfredson3u,English
140,Isa,McCray,Media Manager II,MMedia Manager II,Media Manager II,imccray3v,Khmer
141,Bruce,Heighton,Marketing Manager,MMarketing Manager,Marketing Manager,bheighton3w,Romanian
142,Heriberto,Anstis,Programmer III,MProgrammer III,Programmer III,hanstis3x,Tswana
143,Lotti,Mattiessen,Account Coordinator,FAccount Coordinator,Account Coordinator,lmattiessen3y,Icelandic
144,Callean,Malan,Physical Therapy Assistant,MPhysical Therapy Assistant,Physical Therapy Assistant,cmalan3z,Fijian
145,Christel,Brownhall,Sales Representative,FSales Representative,Sales Representative,cbrownhall40,Hindi
146,Hilly,Schoroder,Statistician II,MStatistician II,Statistician II,hschoroder41,Spanish
147,Jeddy,Gronno,Senior Cost Accountant,MSenior Cost Accountant,Senior Cost Accountant,jgronno42,Hungarian
148,Tuck,Cockings,VP Marketing,MVP Marketing,VP Marketing,tcockings43,Arabic
149,Verile,Savory,VP Product Management,FVP Product Management,VP Product Management,vsavory44,Filipino
150,Rochella,Featonby,Accounting Assistant III,FAccounting Assistant III,Accounting Assistant III,rfeatonby45,Quechua
151,Lyell,Kennicott,Accountant II,MAccountant II,Accountant II,lkennicott46,Tamil
152,Alexandre,Pithcock,Software Consultant,MSoftware Consultant,Software Consultant,apithcock47,Somali
153,Svend,Bedder,Design Engineer,MDesign Engineer,Design Engineer,sbedder48,Dhivehi
154,Roxy,Heiss,Civil Engineer,FCivil Engineer,Civil Engineer,rheiss49,Zulu
155,Henrik,Ingleston,Developer IV,MDeveloper IV,Developer IV,hingleston4a,Malay
156,Tripp,Tribe,Health Coach II,MHealth Coach II,Health Coach II,ttribe4b,Kazakh
157,Jacqui,Burgisi,Junior Executive,FJunior Executive,Junior Executive,jburgisi4c,Tok Pisin
158,Brendin,Blakemore,Executive Secretary,MExecutive Secretary,Executive Secretary,bblakemore4d,Gagauz
159,Anthea,A'field,Structural Engineer,FStructural Engineer,Structural Engineer,aafield4e,Croatian
160,Terrie,Doyle,Occupational Therapist,FOccupational Therapist,Occupational Therapist,tdoyle4f,Filipino
161,Salomon,Yandle,Social Worker,MSocial Worker,Social Worker,syandle4g,New Zealand Sign Language
162,Shalom,Wellbelove,Teacher,MTeacher,Teacher,swellbelove4h,Dari
163,Birk,Pickover,Project Manager,MProject Manager,Project Manager,bpickover4i,Tsonga
164,Florentia,Furlong,Desktop Support Technician,FDesktop Support Technician,Desktop Support Technician,ffurlong4j,Swahili
165,Alejoa,Cathcart,Librarian,MLibrarian,Librarian,acathcart4k,Czech
166,Jerrie,Goosey,Accountant I,MAccountant I,Accountant I,jgoosey4l,Kurdish
167,Eveleen,Nequest,Payment Adjustment Coordinator,FPayment Adjustment Coordinator,Payment Adjustment Coordinator,enequest4m,Tok Pisin
168,Holt,McBratney,Senior Editor,MSenior Editor,Senior Editor,hmcbratney4n,Tamil
169,Nikaniki,Anslow,Electrical Engineer,FElectrical Engineer,Electrical Engineer,nanslow4o,Hindi
170,Sherman,Romain,Automation Specialist I,MAutomation Specialist I,Automation Specialist I,sromain4p,Macedonian
171,Jud,Bartholin,Systems Administrator III,MSystems Administrator III,Systems Administrator III,jbartholin4q,Nepali
172,Annadiana,Pring,Analog Circuit Design manager,FAnalog Circuit Design manager,Analog Circuit Design manager,apring4r,Dari
173,Biron,Lepard,Media Manager II,MMedia Manager II,Media Manager II,blepard4s,Estonian
174,Jessey,Pinhorn,Graphic Designer,MGraphic Designer,Graphic Designer,jpinhorn4t,Moldovan
175,Angelico,Meatyard,Environmental Specialist,MEnvironmental Specialist,Environmental Specialist,ameatyard4u,Greek
176,Koressa,Leahair,Environmental Specialist,FEnvironmental Specialist,Environmental Specialist,kleahair4v,Portuguese
177,Darnell,Rylance,Environmental Specialist,MEnvironmental Specialist,Environmental Specialist,drylance4w,Burmese
178,Everard,Cotgrave,Developer III,MDeveloper III,Developer III,ecotgrave4x,Croatian
179,Mikel,Essam,Systems Administrator I,MSystems Administrator I,Systems Administrator I,messam4y,Romanian
180,Dev,D'Agostino,Senior Quality Engineer,MSenior Quality Engineer,Senior Quality Engineer,ddagostino4z,Malayalam
181,Dannel,Olland,VP Sales,MVP Sales,VP Sales,dolland50,Malagasy
182,Antonetta,Jewes,Assistant Media Planner,FAssistant Media Planner,Assistant Media Planner,ajewes51,Chinese
183,Tarrance,Rennard,Executive Secretary,MExecutive Secretary,Executive Secretary,trennard52,Estonian
184,Loella,Crighten,Financial Analyst,FFinancial Analyst,Financial Analyst,lcrighten53,Ndebele
185,Marven,Roumier,Editor,MEditor,Editor,mroumier54,Croatian
186,Charlie,Mulqueen,Quality Control Specialist,MQuality Control Specialist,Quality Control Specialist,cmulqueen55,Ndebele
187,Olimpia,Ffrench,Nurse,FNurse,Nurse,offrench56,Danish
188,Roanne,Alliott,Media Manager IV,FMedia Manager IV,Media Manager IV,ralliott57,Assamese
189,Johnny,Shute,Staff Scientist,MStaff Scientist,Staff Scientist,jshute58,Telugu
190,Janot,Heinke,Internal Auditor,FInternal Auditor,Internal Auditor,jheinke59,Korean
191,Celina,Mitchenson,Quality Control Specialist,FQuality Control Specialist,Quality Control Specialist,cmitchenson5a,Chinese
192,James,Maciocia,VP Marketing,MVP Marketing,VP Marketing,jmaciocia5b,Gujarati
193,Lynnelle,Jarlmann,Dental Hygienist,FDental Hygienist,Dental Hygienist,ljarlmann5c,Bislama
194,Ingram,Millington,Dental Hygienist,MDental Hygienist,Dental Hygienist,imillington5d,Chinese
195,Dacia,Dansken,Senior Sales Associate,FSenior Sales Associate,Senior Sales Associate,ddansken5e,Bislama
196,Herta,Phlippi,Speech Pathologist,FSpeech Pathologist,Speech Pathologist,hphlippi5f,Estonian
197,Webb,Brislan,Administrative Officer,MAdministrative Officer,Administrative Officer,wbrislan5g,Yiddish
198,Anna-diane,Jobling,Help Desk Technician,FHelp Desk Technician,Help Desk Technician,ajobling5h,Maltese
199,Salomon,Pischel,Research Nurse,MResearch Nurse,Research Nurse,spischel5i,Croatian
200,Carver,Clitherow,Pharmacist,MPharmacist,Pharmacist,cclitherow5j,Montenegrin
201,Shaine,Riccetti,Executive Secretary,FExecutive Secretary,Executive Secretary,sriccetti5k,Portuguese
202,Anneliese,Maginot,Programmer Analyst II,FProgrammer Analyst II,Programmer Analyst II,amaginot5l,Italian
203,Tobie,Rivett,VP Marketing,MVP Marketing,VP Marketing,trivett5m,Lao
204,Hyatt,Caney,Financial Advisor,MFinancial Advisor,Financial Advisor,hcaney5n,Azeri
205,Wyatt,Quarlis,Account Executive,MAccount Executive,Account Executive,wquarlis5o,Khmer
206,Mel,Cabrera,Clinical Specialist,MClinical Specialist,Clinical Specialist,mcabrera5p,Polish
207,Rene,Shoobridge,Paralegal,FParalegal,Paralegal,rshoobridge5q,Gagauz
208,Vivianne,Cliff,Director of Sales,FDirector of Sales,Director of Sales,vcliff5r,Tsonga
209,Roxine,Frie,Business Systems Development Analyst,FBusiness Systems Development Analyst,Business Systems Development Analyst,rfrie5s,Catalan
210,Phillipp,Cohr,Sales Associate,MSales Associate,Sales Associate,pcohr5t,Latvian
211,Vidovic,Kilius,Tax Accountant,MTax Accountant,Tax Accountant,vkilius5u,Polish
212,Delilah,Davidesco,Data Coordiator,FData Coordiator,Data Coordiator,ddavidesco5v,Kannada
213,Scott,Syphus,Human Resources Assistant III,MHuman Resources Assistant III,Human Resources Assistant III,ssyphus5w,Portuguese
214,Wenonah,Flippen,Chemical Engineer,FChemical Engineer,Chemical Engineer,wflippen5x,Chinese
215,Patrice,Skewes,Help Desk Technician,MHelp Desk Technician,Help Desk Technician,pskewes5y,Dari
216,Gardener,Kindon,Financial Analyst,MFinancial Analyst,Financial Analyst,gkindon5z,Aymara
217,Terrye,Cordeux,Professor,FProfessor,Professor,tcordeux60,Aymara
218,Latashia,Savage,Executive Secretary,FExecutive Secretary,Executive Secretary,lsavage61,Hungarian
219,Lew,Legerton,Associate Professor,MAssociate Professor,Associate Professor,llegerton62,Swedish
220,Cherilynn,Espinola,Office Assistant I,FOffice Assistant I,Office Assistant I,cespinola63,English
221,Erda,Strudwick,Nuclear Power Engineer,FNuclear Power Engineer,Nuclear Power Engineer,estrudwick64,Somali
222,Sybille,Byres,Assistant Media Planner,FAssistant Media Planner,Assistant Media Planner,sbyres65,Armenian
223,Hayward,Langhor,Analyst Programmer,MAnalyst Programmer,Analyst Programmer,hlanghor66,Lao
224,Weber,Rowston,Teacher,MTeacher,Teacher,wrowston67,Sotho
225,Hailee,Gatenby,Marketing Assistant,FMarketing Assistant,Marketing Assistant,hgatenby68,Finnish
226,Sigmund,Darlington,Human Resources Manager,MHuman Resources Manager,Human Resources Manager,sdarlington69,Bengali
227,Hurleigh,Uccello,VP Marketing,MVP Marketing,VP Marketing,huccello6a,Maltese
228,Cole,Matches,Web Designer III,MWeb Designer III,Web Designer III,cmatches6b,Tetum
229,Jessalyn,Wickmann,Analog Circuit Design manager,FAnalog Circuit Design manager,Analog Circuit Design manager,jwickmann6c,Filipino
230,Arlie,Blasgen,Senior Cost Accountant,FSenior Cost Accountant,Senior Cost Accountant,ablasgen6d,Bulgarian
231,Jacob,Bruck,Occupational Therapist,MOccupational Therapist,Occupational Therapist,jbruck6e,Hungarian
232,Carlie,Crocket,Assistant Media Planner,FAssistant Media Planner,Assistant Media Planner,ccrocket6f,English
233,Tait,Vigneron,Executive Secretary,MExecutive Secretary,Executive Secretary,tvigneron6g,Polish
234,Petr,Frie,Civil Engineer,MCivil Engineer,Civil Engineer,pfrie6h,Nepali
235,Petronille,Fishbourn,Associate Professor,FAssociate Professor,Associate Professor,pfishbourn6i,Yiddish
236,Dedra,Brownsword,Senior Developer,FSenior Developer,Senior Developer,dbrownsword6j,Kyrgyz
237,Dulcy,Quickfall,Analyst Programmer,FAnalyst Programmer,Analyst Programmer,dquickfall6k,Pashto
238,Roth,McTurk,Payment Adjustment Coordinator,MPayment Adjustment Coordinator,Payment Adjustment Coordinator,rmcturk6l,Icelandic
239,Neil,Roch,Statistician I,MStatistician I,Statistician I,nroch6m,Khmer
240,Dimitri,Pendlington,Design Engineer,MDesign Engineer,Design Engineer,dpendlington6n,Malayalam
241,Jody,Joules,Paralegal,MParalegal,Paralegal,jjoules6o,Nepali
242,Claudian,Tarbet,Help Desk Technician,MHelp Desk Technician,Help Desk Technician,ctarbet6p,Romanian
243,Etheline,Lauritzen,Automation Specialist IV,FAutomation Specialist IV,Automation Specialist IV,elauritzen6q,Punjabi
244,Dallis,Grimbleby,Engineer II,MEngineer II,Engineer II,dgrimbleby6r,Guaraní
245,Fran,Cassie,Legal Assistant,FLegal Assistant,Legal Assistant,fcassie6s,Polish
246,Randall,Peterffy,Senior Editor,MSenior Editor,Senior Editor,rpeterffy6t,Danish
247,Suzette,Paradise,Editor,FEditor,Editor,sparadise6u,Bengali
248,Evangeline,Deam,Human Resources Assistant IV,FHuman Resources Assistant IV,Human Resources Assistant IV,edeam6v,Quechua
249,Faye,Monroe,Food Chemist,FFood Chemist,Food Chemist,fmonroe6w,Dhivehi
250,Major,Kew,Associate Professor,MAssociate Professor,Associate Professor,mkew6x,Hungarian
251,Serge,Ramsted,Legal Assistant,MLegal Assistant,Legal Assistant,sramsted6y,Luxembourgish
252,Edwina,Fawthrop,Payment Adjustment Coordinator,FPayment Adjustment Coordinator,Payment Adjustment Coordinator,efawthrop6z,Dari
253,Ade,Trengrouse,Senior Editor,MSenior Editor,Senior Editor,atrengrouse70,New Zealand Sign Language
254,Jayme,McKerton,Administrative Assistant II,FAdministrative Assistant II,Administrative Assistant II,jmckerton71,Portuguese
255,Gerrilee,Sifflett,Paralegal,FParalegal,Paralegal,gsifflett72,New Zealand Sign Language
256,Ives,Hullyer,VP Sales,MVP Sales,VP Sales,ihullyer73,Malagasy
257,Oswald,Bullard,Accountant III,MAccountant III,Accountant III,obullard74,Moldovan
258,Noland,Vosper,Developer IV,MDeveloper IV,Developer IV,nvosper75,Tetum
259,Indira,Leighton,Registered Nurse,FRegistered Nurse,Registered Nurse,ileighton76,Māori
260,Eustacia,Tattersdill,Developer IV,FDeveloper IV,Developer IV,etattersdill77,Tetum
261,Howie,Relph,Account Coordinator,MAccount Coordinator,Account Coordinator,hrelph78,Gujarati
262,Hannis,Rouf,Environmental Specialist,FEnvironmental Specialist,Environmental Specialist,hrouf79,Quechua
263,Melesa,Madine,Financial Advisor,FFinancial Advisor,Financial Advisor,mmadine7a,Tok Pisin
264,Mikey,Janusz,VP Accounting,MVP Accounting,VP Accounting,mjanusz7b,Chinese
265,Shena,Goodered,Clinical Specialist,FClinical Specialist,Clinical Specialist,sgoodered7c,Guaraní
266,Kevan,Cleef,Software Test Engineer II,MSoftware Test Engineer II,Software Test Engineer II,kcleef7d,Tok Pisin
267,Nathalie,Strachan,Occupational Therapist,FOccupational Therapist,Occupational Therapist,nstrachan7e,Kazakh
268,Nataline,Turfus,Help Desk Operator,FHelp Desk Operator,Help Desk Operator,nturfus7f,Kurdish
269,Melina,Woollaston,Account Coordinator,FAccount Coordinator,Account Coordinator,mwoollaston7g,West Frisian
270,Tirrell,Shambrook,Executive Secretary,MExecutive Secretary,Executive Secretary,tshambrook7h,Swahili
271,Erda,Pohling,Tax Accountant,FTax Accountant,Tax Accountant,epohling7i,Irish Gaelic
272,Brana,Vane,Pharmacist,FPharmacist,Pharmacist,bvane7j,Assamese
273,Breena,Gravet,GIS Technical Architect,FGIS Technical Architect,GIS Technical Architect,bgravet7k,Macedonian
274,Marcelo,Branchet,Design Engineer,MDesign Engineer,Design Engineer,mbranchet7l,Nepali
275,Josefina,Toleman,Research Associate,FResearch Associate,Research Associate,jtoleman7m,Irish Gaelic
276,Barb,Molian,Data Coordiator,FData Coordiator,Data Coordiator,bmolian7n,Oriya
277,Rosaleen,Downey,Mechanical Systems Engineer,FMechanical Systems Engineer,Mechanical Systems Engineer,rdowney7o,Macedonian
278,Sollie,Miguet,Safety Technician II,MSafety Technician II,Safety Technician II,smiguet7p,Luxembourgish
279,Arlette,Jurasek,VP Accounting,FVP Accounting,VP Accounting,ajurasek7q,Afrikaans
280,Mortimer,Azemar,Statistician III,MStatistician III,Statistician III,mazemar7r,Chinese
281,Chere,Ellerman,Junior Executive,FJunior Executive,Junior Executive,cellerman7s,Estonian
282,Netty,Towell,Editor,FEditor,Editor,ntowell7t,Greek
283,Lowrance,Grellis,Recruiter,MRecruiter,Recruiter,lgrellis7u,German
284,Kermit,Pitchers,Teacher,MTeacher,Teacher,kpitchers7v,Spanish
285,Olenka,Dodridge,Graphic Designer,FGraphic Designer,Graphic Designer,ododridge7w,Albanian
286,Saul,Ruter,Financial Advisor,MFinancial Advisor,Financial Advisor,sruter7x,Romanian
287,Lorettalorna,Jickells,Health Coach II,FHealth Coach II,Health Coach II,ljickells7y,Aymara
288,Piggy,Tunnacliffe,Accountant III,MAccountant III,Accountant III,ptunnacliffe7z,Bosnian
289,Moise,Curnick,Social Worker,MSocial Worker,Social Worker,mcurnick80,Lao
290,Theodor,Breming,Physical Therapy Assistant,MPhysical Therapy Assistant,Physical Therapy Assistant,tbreming81,Bulgarian
291,Benoite,Axe,Office Assistant II,FOffice Assistant II,Office Assistant II,baxe82,Bulgarian
292,Rolfe,Quesne,Business Systems Development Analyst,MBusiness Systems Development Analyst,Business Systems Development Analyst,rquesne83,Dhivehi
293,Lukas,Biskup,Financial Analyst,MFinancial Analyst,Financial Analyst,lbiskup84,Bislama
294,Skippie,Methuen,Staff Scientist,MStaff Scientist,Staff Scientist,smethuen85,Guaraní
295,Willie,Sedman,Design Engineer,MDesign Engineer,Design Engineer,wsedman86,Moldovan
296,Benny,Korfmann,Operator,MOperator,Operator,bkorfmann87,Kurdish
297,Ford,McAreavey,Senior Financial Analyst,MSenior Financial Analyst,Senior Financial Analyst,fmcareavey88,Czech
298,Bernete,Heinl,Senior Sales Associate,FSenior Sales Associate,Senior Sales Associate,bheinl89,Dutch
299,Modesty,Bembridge,Speech Pathologist,FSpeech Pathologist,Speech Pathologist,mbembridge8a,Quechua
300,Linell,Ragsdall,Teacher,FTeacher,Teacher,lragsdall8b,Burmese
301,Merci,Scarlett,Civil Engineer,FCivil Engineer,Civil Engineer,mscarlett8c,Polish
302,Dom,Connealy,Developer IV,MDeveloper IV,Developer IV,dconnealy8d,Armenian
303,Ulick,Delacour,Professor,MProfessor,Professor,udelacour8e,Maltese
304,Benedikt,Maine,Engineer III,MEngineer III,Engineer III,bmaine8f,Portuguese
305,Tiler,Dougliss,Senior Editor,MSenior Editor,Senior Editor,tdougliss8g,French
306,Dory,Veschambes,Chemical Engineer,MChemical Engineer,Chemical Engineer,dveschambes8h,Belarusian
307,Lorrie,Pfeffle,Chemical Engineer,FChemical Engineer,Chemical Engineer,lpfeffle8i,Kazakh
308,Worthington,Broadley,Web Developer I,MWeb Developer I,Web Developer I,wbroadley8j,Swedish
309,Rozanne,Goncalo,Assistant Manager,FAssistant Manager,Assistant Manager,rgoncalo8k,Bulgarian
310,Nadya,Renvoys,Community Outreach Specialist,FCommunity Outreach Specialist,Community Outreach Specialist,nrenvoys8l,Malay
311,Hall,Iacofo,Human Resources Assistant III,MHuman Resources Assistant III,Human Resources Assistant III,hiacofo8m,Japanese
312,Enrique,Nellis,Sales Representative,MSales Representative,Sales Representative,enellis8n,Swedish
313,Fayre,Argont,Budget/Accounting Analyst I,FBudget/Accounting Analyst I,Budget/Accounting Analyst I,fargont8o,Azeri
314,Quintus,McKeran,Account Executive,MAccount Executive,Account Executive,qmckeran8p,Yiddish
315,Eduino,Scanterbury,Software Consultant,MSoftware Consultant,Software Consultant,escanterbury8q,Dhivehi
316,Rem,Bulfit,Media Manager III,MMedia Manager III,Media Manager III,rbulfit8r,Croatian
317,Alyssa,Foort,Occupational Therapist,FOccupational Therapist,Occupational Therapist,afoort8s,Persian
318,Tucker,Parlet,Design Engineer,MDesign Engineer,Design Engineer,tparlet8t,Tamil
319,Fidelia,Slyne,Tax Accountant,FTax Accountant,Tax Accountant,fslyne8u,Assamese
320,Zane,Mebs,Business Systems Development Analyst,MBusiness Systems Development Analyst,Business Systems Development Analyst,zmebs8v,Macedonian
321,Myra,Priddy,Nurse Practicioner,FNurse Practicioner,Nurse Practicioner,mpriddy8w,Telugu
322,Giffy,Gantzer,Administrative Assistant III,MAdministrative Assistant III,Administrative Assistant III,ggantzer8x,Greek
323,Alejoa,Tindle,Sales Representative,MSales Representative,Sales Representative,atindle8y,Papiamento
324,Didi,Troni,Web Designer II,FWeb Designer II,Web Designer II,dtroni8z,Amharic
325,Niel,Burdekin,Environmental Specialist,MEnvironmental Specialist,Environmental Specialist,nburdekin90,Malay
326,Kimmi,Wanless,Health Coach II,FHealth Coach II,Health Coach II,kwanless91,Estonian
327,Aymer,Aleavy,Biostatistician II,MBiostatistician II,Biostatistician II,aaleavy92,Assamese
328,Gabbie,Nancekivell,Human Resources Manager,FHuman Resources Manager,Human Resources Manager,gnancekivell93,Kurdish
329,Mohammed,Lewson,Staff Scientist,MStaff Scientist,Staff Scientist,mlewson94,Kannada
330,Saraann,Dello,Statistician I,FStatistician I,Statistician I,sdello95,Lithuanian
331,Alonzo,Leyban,Engineer IV,MEngineer IV,Engineer IV,aleyban96,Malay
332,Tisha,Moloney,Information Systems Manager,FInformation Systems Manager,Information Systems Manager,tmoloney97,Māori
333,Ferdy,Budget,Biostatistician II,MBiostatistician II,Biostatistician II,fbudget98,West Frisian
334,Randell,Swales,Sales Representative,MSales Representative,Sales Representative,rswales99,Bislama
335,Cassandre,Burford,Geological Engineer,FGeological Engineer,Geological Engineer,cburford9a,Moldovan
336,Zach,Emlen,Research Associate,MResearch Associate,Research Associate,zemlen9b,Swati
337,Carmon,McClarence,General Manager,FGeneral Manager,General Manager,cmcclarence9c,French
338,Barnebas,Cheeld,Web Designer IV,MWeb Designer IV,Web Designer IV,bcheeld9d,Polish
339,Regan,Gadsdon,Financial Analyst,FFinancial Analyst,Financial Analyst,rgadsdon9e,Latvian
340,Sebastiano,Howe,Software Consultant,MSoftware Consultant,Software Consultant,showe9f,Swahili
341,Minny,Bletso,Product Engineer,FProduct Engineer,Product Engineer,mbletso9g,Albanian
342,Archibaldo,Towns,Statistician I,MStatistician I,Statistician I,atowns9h,French
343,Dalila,Le Grice,Teacher,FTeacher,Teacher,dlegrice9i,French
344,Tim,Shiel,Software Test Engineer III,MSoftware Test Engineer III,Software Test Engineer III,tshiel9j,Gagauz
345,Antony,Kennham,Data Coordiator,MData Coordiator,Data Coordiator,akennham9k,Haitian Creole
346,Chandra,Smaile,Administrative Assistant II,FAdministrative Assistant II,Administrative Assistant II,csmaile9l,Tetum
347,Desmond,Volant,VP Product Management,MVP Product Management,VP Product Management,dvolant9m,Sotho
348,Jazmin,de Juares,Social Worker,FSocial Worker,Social Worker,jdejuares9n,Assamese
349,Ruperta,Manz,Biostatistician II,FBiostatistician II,Biostatistician II,rmanz9o,Romanian
350,Matty,Dwight,Product Engineer,FProduct Engineer,Product Engineer,mdwight9p,Norwegian
351,Donavon,Kiff,Legal Assistant,MLegal Assistant,Legal Assistant,dkiff9q,Kurdish
352,Ebeneser,Scotfurth,Civil Engineer,MCivil Engineer,Civil Engineer,escotfurth9r,Korean
353,Nealson,Toogood,Desktop Support Technician,MDesktop Support Technician,Desktop Support Technician,ntoogood9s,Azeri
354,Jemie,McAulay,Recruiter,FRecruiter,Recruiter,jmcaulay9t,Gujarati
355,Tomlin,Feldharker,Marketing Manager,MMarketing Manager,Marketing Manager,tfeldharker9u,Malayalam
356,Vic,Drackford,Chief Design Engineer,MChief Design Engineer,Chief Design Engineer,vdrackford9v,Malagasy
357,Barnabe,Varsey,Financial Analyst,MFinancial Analyst,Financial Analyst,bvarsey9w,Catalan
358,Gus,Pury,Software Engineer II,FSoftware Engineer II,Software Engineer II,gpury9x,Bulgarian
359,Ola,Ordemann,Nurse,FNurse,Nurse,oordemann9y,Irish Gaelic
360,Juliann,Boss,Developer III,FDeveloper III,Developer III,jboss9z,Pashto
361,Skippie,Slyman,Tax Accountant,MTax Accountant,Tax Accountant,sslymana0,Montenegrin
362,Gonzalo,Suddick,Product Engineer,MProduct Engineer,Product Engineer,gsuddicka1,Albanian
363,Yankee,Kuhnert,General Manager,MGeneral Manager,General Manager,ykuhnerta2,Quechua
364,Kelbee,Coupar,Accounting Assistant II,MAccounting Assistant II,Accounting Assistant II,kcoupara3,Arabic
365,Annecorinne,Broadberry,Editor,FEditor,Editor,abroadberrya4,Kurdish
366,Charlton,Skynner,Structural Engineer,MStructural Engineer,Structural Engineer,cskynnera5,Lithuanian
367,Fransisco,Gargett,Financial Analyst,MFinancial Analyst,Financial Analyst,fgargetta6,Gujarati
368,Broderick,Gonnet,Nurse Practicioner,MNurse Practicioner,Nurse Practicioner,bgonneta7,Icelandic
369,Leontyne,Ryles,Operator,FOperator,Operator,lrylesa8,Tswana
370,Luis,Shambroke,Legal Assistant,MLegal Assistant,Legal Assistant,lshambrokea9,Zulu
371,Edsel,Gomes,Assistant Professor,MAssistant Professor,Assistant Professor,egomesaa,Telugu
372,Romonda,Arnaez,Recruiter,FRecruiter,Recruiter,rarnaezab,Oriya
373,Kayle,Bullen,Accountant III,FAccountant III,Accountant III,kbullenac,Somali
374,Murry,Clac,Structural Analysis Engineer,MStructural Analysis Engineer,Structural Analysis Engineer,mclacad,Malayalam
375,Cherilyn,Bedwell,Senior Editor,FSenior Editor,Senior Editor,cbedwellae,Irish Gaelic
376,Dav,Petris,Community Outreach Specialist,MCommunity Outreach Specialist,Community Outreach Specialist,dpetrisaf,Sotho
377,Susann,Godmer,Research Nurse,FResearch Nurse,Research Nurse,sgodmerag,Hiri Motu
378,Tess,Kirman,Analog Circuit Design manager,FAnalog Circuit Design manager,Analog Circuit Design manager,tkirmanah,Romanian
379,Rinaldo,Hiddsley,VP Accounting,MVP Accounting,VP Accounting,rhiddsleyai,Hindi
380,Ardyth,Mussolini,Staff Accountant III,FStaff Accountant III,Staff Accountant III,amussoliniaj,Bosnian
381,Linnie,Byre,General Manager,FGeneral Manager,General Manager,lbyreak,Maltese
382,Adella,Quarless,Financial Advisor,FFinancial Advisor,Financial Advisor,aquarlessal,Tok Pisin
383,Tillie,Tersay,Community Outreach Specialist,FCommunity Outreach Specialist,Community Outreach Specialist,ttersayam,Italian
384,Chevalier,Flello,VP Accounting,MVP Accounting,VP Accounting,cflelloan,Maltese
385,Sile,Stonbridge,Business Systems Development Analyst,FBusiness Systems Development Analyst,Business Systems Development Analyst,sstonbridgeao,Albanian
386,Whit,Penhale,Structural Analysis Engineer,MStructural Analysis Engineer,Structural Analysis Engineer,wpenhaleap,Greek
387,Vinson,Scutching,Internal Auditor,MInternal Auditor,Internal Auditor,vscutchingaq,Latvian
388,Winnie,Beckford,Sales Associate,FSales Associate,Sales Associate,wbeckfordar,Luxembourgish
389,Allyce,Bertwistle,Food Chemist,FFood Chemist,Food Chemist,abertwistleas,Finnish
390,Danice,Broschek,Electrical Engineer,FElectrical Engineer,Electrical Engineer,dbroschekat,Yiddish
391,Maxie,Fowler,Data Coordiator,FData Coordiator,Data Coordiator,mfowlerau,Fijian
392,Fanny,Lowman,Biostatistician II,FBiostatistician II,Biostatistician II,flowmanav,Tajik
393,Sergio,Jancso,Administrative Officer,MAdministrative Officer,Administrative Officer,sjancsoaw,Malagasy
394,Baron,Blazi,Dental Hygienist,MDental Hygienist,Dental Hygienist,bblaziax,Malagasy
395,Charles,Ridesdale,VP Quality Control,MVP Quality Control,VP Quality Control,cridesdaleay,Swahili
396,Rourke,Littleproud,Junior Executive,MJunior Executive,Junior Executive,rlittleproudaz,Azeri
397,Ernestine,Trimbey,Sales Associate,FSales Associate,Sales Associate,etrimbeyb0,Spanish
398,Tore,Dollin,Automation Specialist III,MAutomation Specialist III,Automation Specialist III,tdollinb1,Japanese
399,Patience,Dicky,Automation Specialist II,FAutomation Specialist II,Automation Specialist II,pdickyb2,Haitian Creole
400,Minny,Bridgwood,Editor,FEditor,Editor,mbridgwoodb3,Lithuanian
401,Linnea,Mulgrew,Research Nurse,FResearch Nurse,Research Nurse,lmulgrewb4,Mongolian
402,Dorree,Venning,Financial Analyst,FFinancial Analyst,Financial Analyst,dvenningb5,Moldovan
403,Cate,Croxall,VP Accounting,FVP Accounting,VP Accounting,ccroxallb6,Catalan
404,Elnar,Belford,VP Quality Control,MVP Quality Control,VP Quality Control,ebelfordb7,Bengali
405,Alonso,Blasiak,Data Coordiator,MData Coordiator,Data Coordiator,ablasiakb8,Thai
406,Onida,Clemmow,Graphic Designer,FGraphic Designer,Graphic Designer,oclemmowb9,Nepali
407,Cordi,Dinsmore,Tax Accountant,FTax Accountant,Tax Accountant,cdinsmoreba,Oriya
408,Dion,Cobbe,VP Marketing,FVP Marketing,VP Marketing,dcobbebb,Dari
409,Ashil,Crisford,Help Desk Technician,FHelp Desk Technician,Help Desk Technician,acrisfordbc,Burmese
410,Elle,Perchard,Environmental Specialist,FEnvironmental Specialist,Environmental Specialist,eperchardbd,Gagauz
411,Ewen,Maclaine,Account Representative IV,MAccount Representative IV,Account Representative IV,emaclainebe,Lithuanian
412,Pammy,Browncey,Business Systems Development Analyst,FBusiness Systems Development Analyst,Business Systems Development Analyst,pbrownceybf,Gujarati
413,Karil,Kippin,Accounting Assistant I,FAccounting Assistant I,Accounting Assistant I,kkippinbg,Hebrew
414,Fannie,McKeever,Quality Control Specialist,FQuality Control Specialist,Quality Control Specialist,fmckeeverbh,Dhivehi
415,Seymour,Puxley,Nurse,MNurse,Nurse,spuxleybi,Bengali
416,Constanta,Macey,Geological Engineer,FGeological Engineer,Geological Engineer,cmaceybj,Estonian
417,Lyssa,McGifford,Social Worker,FSocial Worker,Social Worker,lmcgiffordbk,Haitian Creole
418,Blair,Muzzi,Speech Pathologist,MSpeech Pathologist,Speech Pathologist,bmuzzibl,Italian
419,Biddie,Golson,Occupational Therapist,FOccupational Therapist,Occupational Therapist,bgolsonbm,Korean
420,Dorian,Ledgley,Tax Accountant,MTax Accountant,Tax Accountant,dledgleybn,Somali
421,Marlena,Iskov,Social Worker,FSocial Worker,Social Worker,miskovbo,Greek
422,Anjela,Pinfold,Actuary,FActuary,Actuary,apinfoldbp,Thai
423,Legra,Brinded,Administrative Assistant III,FAdministrative Assistant III,Administrative Assistant III,lbrindedbq,Dari
424,Donnie,Cusick,VP Quality Control,MVP Quality Control,VP Quality Control,dcusickbr,Croatian
425,Gav,Okroy,Legal Assistant,MLegal Assistant,Legal Assistant,gokroybs,Czech
426,Barde,Farquarson,Account Representative III,MAccount Representative III,Account Representative III,bfarquarsonbt,Oriya
427,Rourke,Tiptaft,Programmer I,MProgrammer I,Programmer I,rtiptaftbu,Hebrew
428,Alejandrina,Cahan,General Manager,FGeneral Manager,General Manager,acahanbv,Gujarati
429,Laird,Sams,Structural Analysis Engineer,MStructural Analysis Engineer,Structural Analysis Engineer,lsamsbw,Malayalam
430,Kassi,Busfield,Teacher,FTeacher,Teacher,kbusfieldbx,Persian
431,Kristien,Andreone,Executive Secretary,FExecutive Secretary,Executive Secretary,kandreoneby,Zulu
432,Luca,O'Nions,Actuary,MActuary,Actuary,lonionsbz,Swahili
433,Shell,Martineau,Assistant Manager,FAssistant Manager,Assistant Manager,smartineauc0,Irish Gaelic
434,Sula,Chalfain,Research Associate,FResearch Associate,Research Associate,schalfainc1,Lao
435,Nobie,Huerta,Data Coordiator,MData Coordiator,Data Coordiator,nhuertac2,Belarusian
436,Melodie,Tarburn,General Manager,FGeneral Manager,General Manager,mtarburnc3,Tswana
437,Jourdan,Echelle,Administrative Assistant III,FAdministrative Assistant III,Administrative Assistant III,jechellec4,Malagasy
438,Joyous,Aulsford,Civil Engineer,FCivil Engineer,Civil Engineer,jaulsfordc5,Ndebele
439,Aymer,Myrie,Accounting Assistant IV,MAccounting Assistant IV,Accounting Assistant IV,amyriec6,Romanian
440,Sigfried,McBeath,Accounting Assistant I,MAccounting Assistant I,Accounting Assistant I,smcbeathc7,Dzongkha
441,Lucine,Letson,Operator,FOperator,Operator,lletsonc8,Telugu
442,Aubine,Bowie,Quality Control Specialist,FQuality Control Specialist,Quality Control Specialist,abowiec9,Ndebele
443,Gayler,Greenmon,Recruiter,MRecruiter,Recruiter,ggreenmonca,Haitian Creole
444,Corene,Massen,GIS Technical Architect,FGIS Technical Architect,GIS Technical Architect,cmassencb,Kurdish
445,Giordano,Gasnell,Sales Associate,MSales Associate,Sales Associate,ggasnellcc,Norwegian
446,Robinetta,Face,Associate Professor,FAssociate Professor,Associate Professor,rfacecd,Hungarian
447,Hyman,Strippel,Recruiting Manager,MRecruiting Manager,Recruiting Manager,hstrippelce,Tetum
448,Alexandros,Naisey,Assistant Professor,MAssistant Professor,Assistant Professor,anaiseycf,Estonian
449,Curran,Lints,Tax Accountant,MTax Accountant,Tax Accountant,clintscg,Hungarian
450,Mickey,Lafflina,Dental Hygienist,MDental Hygienist,Dental Hygienist,mlafflinach,German
451,Delbert,McEnhill,Biostatistician III,MBiostatistician III,Biostatistician III,dmcenhillci,Assamese
452,Nanci,Carverhill,Recruiting Manager,FRecruiting Manager,Recruiting Manager,ncarverhillcj,Maltese
453,Luisa,Sallings,Chemical Engineer,FChemical Engineer,Chemical Engineer,lsallingsck,Lao
454,Quintin,Bache,Product Engineer,MProduct Engineer,Product Engineer,qbachecl,Dari
455,Fionna,Chavrin,General Manager,FGeneral Manager,General Manager,fchavrincm,Tajik
456,Betteann,Vasyunichev,Social Worker,FSocial Worker,Social Worker,bvasyunichevcn,Bulgarian
457,Patrice,Lochet,Health Coach IV,FHealth Coach IV,Health Coach IV,plochetco,Tetum
458,Thoma,Cail,Internal Auditor,MInternal Auditor,Internal Auditor,tcailcp,Norwegian
459,Leoline,Cirlos,Graphic Designer,FGraphic Designer,Graphic Designer,lcirloscq,Spanish
460,Garald,Ritzman,Account Representative IV,MAccount Representative IV,Account Representative IV,gritzmancr,Haitian Creole
461,Eustacia,Benediktovich,Director of Sales,FDirector of Sales,Director of Sales,ebenediktovichcs,Luxembourgish
462,Julee,Hunting,Analog Circuit Design manager,FAnalog Circuit Design manager,Analog Circuit Design manager,jhuntingct,Persian
463,Frederich,Traite,Technical Writer,MTechnical Writer,Technical Writer,ftraitecu,Bislama
464,Ermanno,Ingman,Help Desk Operator,MHelp Desk Operator,Help Desk Operator,eingmancv,West Frisian
465,Erminia,Spellacy,Software Engineer IV,FSoftware Engineer IV,Software Engineer IV,espellacycw,Fijian
466,Renaud,Trenbay,Developer IV,MDeveloper IV,Developer IV,rtrenbaycx,Chinese
467,Brendis,Doul,Programmer Analyst I,MProgrammer Analyst I,Programmer Analyst I,bdoulcy,Azeri
468,Alexa,Allan,Staff Scientist,FStaff Scientist,Staff Scientist,aallancz,Croatian
469,Kariotta,Patterfield,Legal Assistant,FLegal Assistant,Legal Assistant,kpatterfieldd0,Czech
470,Silvanus,McGrah,Web Designer III,MWeb Designer III,Web Designer III,smcgrahd1,Guaraní
471,Valentijn,Snare,Nurse,MNurse,Nurse,vsnared2,Lithuanian
472,Avrom,Prosh,Data Coordiator,MData Coordiator,Data Coordiator,aproshd3,Kyrgyz
473,Ericha,de Chastelain,Paralegal,FParalegal,Paralegal,edechastelaind4,Persian
474,Hubey,Phare,Registered Nurse,MRegistered Nurse,Registered Nurse,hphared5,Maltese
475,La verne,Strover,Web Developer IV,FWeb Developer IV,Web Developer IV,lstroverd6,Sotho
476,Gretal,Redfearn,Recruiter,FRecruiter,Recruiter,gredfearnd7,German
477,Chen,Spurnier,Graphic Designer,MGraphic Designer,Graphic Designer,cspurnierd8,Tok Pisin
478,Nicky,Theuff,Structural Analysis Engineer,FStructural Analysis Engineer,Structural Analysis Engineer,ntheuffd9,Spanish
479,Nickolas,Harragin,Accounting Assistant III,MAccounting Assistant III,Accounting Assistant III,nharraginda,Assamese
480,Devin,Tenbrug,Budget/Accounting Analyst IV,FBudget/Accounting Analyst IV,Budget/Accounting Analyst IV,dtenbrugdb,Japanese
481,Gregoor,Geeves,Community Outreach Specialist,MCommunity Outreach Specialist,Community Outreach Specialist,ggeevesdc,Assamese
482,Belia,McCawley,Help Desk Technician,FHelp Desk Technician,Help Desk Technician,bmccawleydd,Marathi
483,Virgie,McMechan,Civil Engineer,FCivil Engineer,Civil Engineer,vmcmechande,Czech
484,Gail,Mahon,Biostatistician I,MBiostatistician I,Biostatistician I,gmahondf,Bulgarian
485,Derek,Medcalfe,Project Manager,MProject Manager,Project Manager,dmedcalfedg,Danish
486,Henrik,Downie,Structural Analysis Engineer,MStructural Analysis Engineer,Structural Analysis Engineer,hdowniedh,Gagauz
487,Emmy,Maplesden,Director of Sales,MDirector of Sales,Director of Sales,emaplesdendi,Japanese
488,Delcine,Bowton,Food Chemist,FFood Chemist,Food Chemist,dbowtondj,Romanian
489,Augustine,Senyard,Product Engineer,FProduct Engineer,Product Engineer,asenyarddk,Telugu
490,Dal,Ugolotti,Professor,MProfessor,Professor,dugolottidl,Portuguese
491,Giustino,Statter,Pharmacist,MPharmacist,Pharmacist,gstatterdm,Norwegian
492,Crystie,Tidridge,Analog Circuit Design manager,FAnalog Circuit Design manager,Analog Circuit Design manager,ctidridgedn,Croatian
493,Dar,Wudeland,Data Coordiator,MData Coordiator,Data Coordiator,dwudelanddo,Korean
494,Sheridan,Monger,Speech Pathologist,MSpeech Pathologist,Speech Pathologist,smongerdp,Aymara
495,Nappy,Chrystie,General Manager,MGeneral Manager,General Manager,nchrystiedq,Sotho
496,Kenon,Glanton,Food Chemist,MFood Chemist,Food Chemist,kglantondr,Telugu
497,Doro,Hayers,Professor,FProfessor,Professor,dhayersds,Azeri
498,Adelaida,Stetlye,Human Resources Manager,FHuman Resources Manager,Human Resources Manager,astetlyedt,Romanian
499,Maison,Ambrus,Statistician I,MStatistician I,Statistician I,mambrusdu,Somali
500,Stacie,Proudlove,Human Resources Assistant I,FHuman Resources Assistant I,Human Resources Assistant I,sproudlovedv,Amharic
501,Tricia,Penbarthy,Automation Specialist II,FAutomation Specialist II,Automation Specialist II,tpenbarthydw,Malagasy
502,Carmencita,Sherwyn,Teacher,FTeacher,Teacher,csherwyndx,Lithuanian
503,Lana,Polland,Account Coordinator,FAccount Coordinator,Account Coordinator,lpollanddy,Zulu
504,Nada,South,Marketing Manager,FMarketing Manager,Marketing Manager,nsouthdz,Albanian
505,Trefor,Reeds,Pharmacist,MPharmacist,Pharmacist,treedse0,Belarusian
506,Bobina,Plose,Senior Developer,FSenior Developer,Senior Developer,bplosee1,Tetum
507,Neilla,Shewery,Environmental Specialist,FEnvironmental Specialist,Environmental Specialist,nshewerye2,Hiri Motu
508,Edvard,Ledeker,Environmental Specialist,MEnvironmental Specialist,Environmental Specialist,eledekere3,Montenegrin
509,Simeon,Dodgson,VP Accounting,MVP Accounting,VP Accounting,sdodgsone4,Moldovan
510,Julianna,Duhig,Food Chemist,FFood Chemist,Food Chemist,jduhige5,Amharic
511,Brandi,Millgate,Account Coordinator,FAccount Coordinator,Account Coordinator,bmillgatee6,Swati
512,Willem,Dablin,Design Engineer,MDesign Engineer,Design Engineer,wdabline7,Tamil
513,Yehudit,Dole,Chemical Engineer,MChemical Engineer,Chemical Engineer,ydolee8,Armenian
514,Chip,Arckoll,Nuclear Power Engineer,MNuclear Power Engineer,Nuclear Power Engineer,carckolle9,Sotho
515,Elliott,Genthner,Chemical Engineer,MChemical Engineer,Chemical Engineer,egenthnerea,Oriya
516,Jamesy,Humphrys,Registered Nurse,MRegistered Nurse,Registered Nurse,jhumphryseb,Montenegrin
517,Nicola,MacKeig,VP Sales,FVP Sales,VP Sales,nmackeigec,Dari
518,Ruthi,McCard,Associate Professor,FAssociate Professor,Associate Professor,rmccarded,Hindi
519,Tracey,Mowsdill,Editor,MEditor,Editor,tmowsdillee,Dutch
520,Walden,Fenich,Recruiting Manager,MRecruiting Manager,Recruiting Manager,wfenichef,Lithuanian
521,Therine,De la Yglesia,Teacher,FTeacher,Teacher,tdelayglesiaeg,German
522,Rowena,Goldstone,Structural Analysis Engineer,FStructural Analysis Engineer,Structural Analysis Engineer,rgoldstoneeh,Czech
523,Perrine,Morratt,Media Manager III,FMedia Manager III,Media Manager III,pmorrattei,Portuguese
524,Cad,Kolodziejski,Senior Developer,MSenior Developer,Senior Developer,ckolodziejskiej,Albanian
525,Ivie,Chatelot,Food Chemist,FFood Chemist,Food Chemist,ichatelotek,Swahili
526,Georgeanne,Heavyside,Research Nurse,FResearch Nurse,Research Nurse,gheavysideel,Bulgarian
527,Akim,Wintringham,Environmental Tech,MEnvironmental Tech,Environmental Tech,awintringhamem,Kashmiri
528,Terencio,Geffen,Software Engineer I,MSoftware Engineer I,Software Engineer I,tgeffenen,Thai
529,Romeo,Meecher,Product Engineer,MProduct Engineer,Product Engineer,rmeechereo,Malagasy
530,Arly,Churn,Help Desk Operator,FHelp Desk Operator,Help Desk Operator,achurnep,Irish Gaelic
531,Temp,Farnorth,Budget/Accounting Analyst II,MBudget/Accounting Analyst II,Budget/Accounting Analyst II,tfarnortheq,Malagasy
532,Phil,MacGuiness,Environmental Specialist,FEnvironmental Specialist,Environmental Specialist,pmacguinesser,Māori
533,Kennedy,Rowney,Physical Therapy Assistant,MPhysical Therapy Assistant,Physical Therapy Assistant,krowneyes,Swedish
534,Shel,Ciubutaro,Paralegal,FParalegal,Paralegal,sciubutaroet,Tamil
535,Marsiella,Bourges,Paralegal,FParalegal,Paralegal,mbourgeseu,Lao
536,Vivian,McCaskill,Geologist I,FGeologist I,Geologist I,vmccaskillev,Sotho
537,Doralin,Shane,Teacher,FTeacher,Teacher,dshaneew,Māori
538,Mead,O'Hagirtie,Analyst Programmer,FAnalyst Programmer,Analyst Programmer,mohagirtieex,Dari
539,Dalli,Kezourec,Associate Professor,MAssociate Professor,Associate Professor,dkezourecey,Khmer
540,Chrissie,Sweetmore,Help Desk Technician,FHelp Desk Technician,Help Desk Technician,csweetmoreez,Greek
541,Mycah,Bugg,Recruiting Manager,MRecruiting Manager,Recruiting Manager,mbuggf0,Pashto
542,Kimmi,Dmiterko,Payment Adjustment Coordinator,FPayment Adjustment Coordinator,Payment Adjustment Coordinator,kdmiterkof1,Maltese
543,Bruno,Long,Civil Engineer,MCivil Engineer,Civil Engineer,blongf2,Arabic
544,Alfonse,Kivlin,Web Developer I,MWeb Developer I,Web Developer I,akivlinf3,Latvian
545,Salli,Hintze,Information Systems Manager,FInformation Systems Manager,Information Systems Manager,shintzef4,Sotho
546,Haskel,Jess,Chief Design Engineer,MChief Design Engineer,Chief Design Engineer,hjessf5,Khmer
547,Worden,Siret,Dental Hygienist,MDental Hygienist,Dental Hygienist,wsiretf6,Albanian
548,Jeanelle,Spleving,Civil Engineer,FCivil Engineer,Civil Engineer,jsplevingf7,Maltese
549,Clair,O'Corhane,Human Resources Assistant I,FHuman Resources Assistant I,Human Resources Assistant I,cocorhanef8,Kazakh
550,Mauricio,Bickersteth,Physical Therapy Assistant,MPhysical Therapy Assistant,Physical Therapy Assistant,mbickerstethf9,Tetum
551,Roch,Gilham,Nuclear Power Engineer,FNuclear Power Engineer,Nuclear Power Engineer,rgilhamfa,Punjabi
552,Elfreda,Lamburn,Human Resources Assistant IV,FHuman Resources Assistant IV,Human Resources Assistant IV,elamburnfb,Luxembourgish
553,Paulina,Griston,Account Coordinator,FAccount Coordinator,Account Coordinator,pgristonfc,Maltese
554,Davide,Winstanley,Account Coordinator,MAccount Coordinator,Account Coordinator,dwinstanleyfd,Japanese
555,Tiena,Brasner,Community Outreach Specialist,FCommunity Outreach Specialist,Community Outreach Specialist,tbrasnerfe,Portuguese
556,Rodger,Scrivener,Sales Associate,MSales Associate,Sales Associate,rscrivenerff,Georgian
557,Vincenty,Seeman,Legal Assistant,MLegal Assistant,Legal Assistant,vseemanfg,Greek
558,Natty,Haggith,Compensation Analyst,FCompensation Analyst,Compensation Analyst,nhaggithfh,Portuguese
559,Somerset,Paddingdon,Analog Circuit Design manager,MAnalog Circuit Design manager,Analog Circuit Design manager,spaddingdonfi,Bengali
560,Ron,Hambrick,Graphic Designer,MGraphic Designer,Graphic Designer,rhambrickfj,Thai
561,Flo,Dougharty,Editor,FEditor,Editor,fdoughartyfk,Ndebele
562,Diarmid,Mollison,Accounting Assistant III,MAccounting Assistant III,Accounting Assistant III,dmollisonfl,Somali
563,Wendye,Massenhove,Account Coordinator,FAccount Coordinator,Account Coordinator,wmassenhovefm,Dari
564,Franni,Dossit,Biostatistician IV,FBiostatistician IV,Biostatistician IV,fdossitfn,English
565,Grace,Isselee,Sales Associate,MSales Associate,Sales Associate,gisseleefo,Belarusian
566,Winthrop,Dimblebee,Teacher,MTeacher,Teacher,wdimblebeefp,Romanian
567,Nichole,Antley,Analyst Programmer,FAnalyst Programmer,Analyst Programmer,nantleyfq,Greek
568,Vite,Dury,Automation Specialist IV,MAutomation Specialist IV,Automation Specialist IV,vduryfr,Estonian
569,Karoly,Mongeot,Recruiter,FRecruiter,Recruiter,kmongeotfs,Dutch
570,Kari,Noriega,Geological Engineer,FGeological Engineer,Geological Engineer,knoriegaft,English
571,Blondie,Waskett,VP Marketing,FVP Marketing,VP Marketing,bwaskettfu,Bengali
572,Upton,Currie,Budget/Accounting Analyst I,MBudget/Accounting Analyst I,Budget/Accounting Analyst I,ucurriefv,Filipino
573,Nicoli,Espino,Analog Circuit Design manager,FAnalog Circuit Design manager,Analog Circuit Design manager,nespinofw,Tswana
574,Elnora,Lofts,Biostatistician I,FBiostatistician I,Biostatistician I,eloftsfx,Bosnian
575,Guillermo,Foxcroft,Chief Design Engineer,MChief Design Engineer,Chief Design Engineer,gfoxcroftfy,Estonian
576,Cleavland,Heugle,Media Manager III,MMedia Manager III,Media Manager III,cheuglefz,Swati
577,Adrianna,Caldeiro,Operator,FOperator,Operator,acaldeirog0,Azeri
578,Ilyssa,Baxstare,Software Test Engineer I,FSoftware Test Engineer I,Software Test Engineer I,ibaxstareg1,Belarusian
579,Cindra,Beames,Assistant Professor,FAssistant Professor,Assistant Professor,cbeamesg2,Haitian Creole
580,Randie,Zink,Marketing Assistant,MMarketing Assistant,Marketing Assistant,rzinkg3,Malagasy
581,Ruth,Detloff,Automation Specialist I,FAutomation Specialist I,Automation Specialist I,rdetloffg4,Kurdish
582,Jacquette,Koppen,Recruiter,FRecruiter,Recruiter,jkoppeng5,Czech
583,Even,Droogan,Civil Engineer,MCivil Engineer,Civil Engineer,edroogang6,Bulgarian
584,Julius,Taynton,Social Worker,MSocial Worker,Social Worker,jtayntong7,Montenegrin
585,Johny,Boich,General Manager,MGeneral Manager,General Manager,jboichg8,Ndebele
586,Ryann,Philippet,Statistician IV,FStatistician IV,Statistician IV,rphilippetg9,Burmese
587,Nady,McEvilly,Research Assistant I,FResearch Assistant I,Research Assistant I,nmcevillyga,Bosnian
588,Yulma,Pinn,Analyst Programmer,MAnalyst Programmer,Analyst Programmer,ypinngb,Telugu
589,Ofelia,Docksey,Marketing Manager,FMarketing Manager,Marketing Manager,odockseygc,Greek
590,Harrie,Scoggins,Operator,FOperator,Operator,hscogginsgd,Northern Sotho
591,Lilli,Bernlin,Tax Accountant,FTax Accountant,Tax Accountant,lbernlinge,Greek
592,Thorsten,Gemlett,Marketing Assistant,MMarketing Assistant,Marketing Assistant,tgemlettgf,Tsonga
593,Luz,Giacomazzo,Developer I,FDeveloper I,Developer I,lgiacomazzogg,Kashmiri
594,Aldis,Faircliffe,Accountant I,MAccountant I,Accountant I,afaircliffegh,Lithuanian
595,Lanni,Crowdace,Occupational Therapist,FOccupational Therapist,Occupational Therapist,lcrowdacegi,Korean
596,Guillemette,Leavold,Senior Developer,FSenior Developer,Senior Developer,gleavoldgj,Malagasy
597,Gradeigh,Silby,Cost Accountant,MCost Accountant,Cost Accountant,gsilbygk,Ndebele
598,Milli,Mokes,Senior Financial Analyst,FSenior Financial Analyst,Senior Financial Analyst,mmokesgl,Tamil
599,Kayne,Doorbar,Design Engineer,MDesign Engineer,Design Engineer,kdoorbargm,Marathi
600,Tove,Glossop,Assistant Professor,FAssistant Professor,Assistant Professor,tglossopgn,Luxembourgish
601,Alethea,Bettison,Statistician II,FStatistician II,Statistician II,abettisongo,French
602,Chaunce,Leaves,VP Product Management,MVP Product Management,VP Product Management,cleavesgp,French
603,Nanete,Ding,Safety Technician I,FSafety Technician I,Safety Technician I,ndinggq,Guaraní
604,Orrin,Cluse,Senior Financial Analyst,MSenior Financial Analyst,Senior Financial Analyst,oclusegr,Catalan
605,Fergus,Suffield,Marketing Assistant,MMarketing Assistant,Marketing Assistant,fsuffieldgs,Persian
606,Jerrilyn,Cleatherow,Occupational Therapist,FOccupational Therapist,Occupational Therapist,jcleatherowgt,Tswana
607,Brett,Bohike,Desktop Support Technician,FDesktop Support Technician,Desktop Support Technician,bbohikegu,Kannada
608,Zacharias,Ream,Food Chemist,MFood Chemist,Food Chemist,zreamgv,Macedonian
609,Marney,Calam,Product Engineer,FProduct Engineer,Product Engineer,mcalamgw,Kannada
610,Tommy,Cathesyed,Graphic Designer,MGraphic Designer,Graphic Designer,tcathesyedgx,Spanish
611,Edik,Zorzi,Mechanical Systems Engineer,MMechanical Systems Engineer,Mechanical Systems Engineer,ezorzigy,Bosnian
612,Oriana,Krysztofiak,Analyst Programmer,FAnalyst Programmer,Analyst Programmer,okrysztofiakgz,Croatian
613,Jorry,Durrant,Professor,FProfessor,Professor,jdurranth0,Spanish
614,Wilone,Davidowich,Legal Assistant,FLegal Assistant,Legal Assistant,wdavidowichh1,Mongolian
615,Reynard,MacAlaster,Executive Secretary,MExecutive Secretary,Executive Secretary,rmacalasterh2,Thai
616,Waverley,Crouch,Compensation Analyst,MCompensation Analyst,Compensation Analyst,wcrouchh3,Tok Pisin
617,Cicely,Frear,Structural Engineer,FStructural Engineer,Structural Engineer,cfrearh4,Bislama
618,Lenka,Langsbury,Business Systems Development Analyst,FBusiness Systems Development Analyst,Business Systems Development Analyst,llangsburyh5,Fijian
619,Randall,Smallpeice,Payment Adjustment Coordinator,MPayment Adjustment Coordinator,Payment Adjustment Coordinator,rsmallpeiceh6,Marathi
620,Jandy,Wallbanks,Account Coordinator,FAccount Coordinator,Account Coordinator,jwallbanksh7,Latvian
621,Titus,Ritter,Nurse,MNurse,Nurse,tritterh8,Khmer
622,Morgun,Manketell,Nurse,MNurse,Nurse,mmanketellh9,French
623,Brande,Levi,Senior Sales Associate,FSenior Sales Associate,Senior Sales Associate,bleviha,Romanian
624,Olav,Fuggle,Compensation Analyst,MCompensation Analyst,Compensation Analyst,ofugglehb,Kurdish
625,Tierney,Northwood,Executive Secretary,FExecutive Secretary,Executive Secretary,tnorthwoodhc,Thai
626,Sileas,Daley,Junior Executive,FJunior Executive,Junior Executive,sdaleyhd,Kazakh
627,Jedidiah,Frew,Account Representative I,MAccount Representative I,Account Representative I,jfrewhe,Tajik
628,Alon,Gudge,Budget/Accounting Analyst III,MBudget/Accounting Analyst III,Budget/Accounting Analyst III,agudgehf,Macedonian
629,Layla,Jacquet,Community Outreach Specialist,FCommunity Outreach Specialist,Community Outreach Specialist,ljacquethg,Czech
630,Dasha,Shard,Cost Accountant,FCost Accountant,Cost Accountant,dshardhh,Tsonga
631,Wendy,Wakes,Web Developer III,FWeb Developer III,Web Developer III,wwakeshi,Aymara
632,Karlen,Mozzini,Statistician IV,FStatistician IV,Statistician IV,kmozzinihj,Tok Pisin
633,Patrice,Aylmer,Clinical Specialist,FClinical Specialist,Clinical Specialist,paylmerhk,Afrikaans
634,Loren,Dudlestone,Actuary,FActuary,Actuary,ldudlestonehl,Malagasy
635,Baird,Chattoe,Dental Hygienist,MDental Hygienist,Dental Hygienist,bchattoehm,Persian
636,Nickolai,Humpatch,Media Manager II,MMedia Manager II,Media Manager II,nhumpatchhn,Korean
637,Skelly,Sokill,Engineer I,MEngineer I,Engineer I,ssokillho,Luxembourgish
638,Neal,Trotton,Nurse Practicioner,MNurse Practicioner,Nurse Practicioner,ntrottonhp,Aymara
639,Read,Orpen,Dental Hygienist,MDental Hygienist,Dental Hygienist,rorpenhq,Georgian
640,Rhiamon,Tournie,VP Quality Control,FVP Quality Control,VP Quality Control,rtourniehr,Burmese
641,Guillaume,Limmer,Librarian,MLibrarian,Librarian,glimmerhs,Telugu
642,Eldredge,Capaldi,Human Resources Assistant III,MHuman Resources Assistant III,Human Resources Assistant III,ecapaldiht,Swahili
643,Benedikt,Daley,Programmer II,MProgrammer II,Programmer II,bdaleyhu,Dzongkha
644,Tyrus,Cearley,Food Chemist,MFood Chemist,Food Chemist,tcearleyhv,Hungarian
645,Mattias,Bugbee,Teacher,MTeacher,Teacher,mbugbeehw,Fijian
646,Casandra,Kienlein,Associate Professor,FAssociate Professor,Associate Professor,ckienleinhx,West Frisian
647,Naomi,Ailmer,Assistant Professor,FAssistant Professor,Assistant Professor,nailmerhy,Bislama
648,Edvard,Kerslake,Account Executive,MAccount Executive,Account Executive,ekerslakehz,Tamil
649,Arden,Murden,Chemical Engineer,FChemical Engineer,Chemical Engineer,amurdeni0,Indonesian
650,Jone,Astley,Nurse Practicioner,MNurse Practicioner,Nurse Practicioner,jastleyi1,Pashto
651,Babette,Creamer,Senior Sales Associate,FSenior Sales Associate,Senior Sales Associate,bcreameri2,Dzongkha
652,Fonz,Thorowgood,Compensation Analyst,MCompensation Analyst,Compensation Analyst,fthorowgoodi3,Greek
653,Curtis,Reimers,Business Systems Development Analyst,MBusiness Systems Development Analyst,Business Systems Development Analyst,creimersi4,Swedish
654,Ky,Freyn,Financial Advisor,MFinancial Advisor,Financial Advisor,kfreyni5,English
655,Filip,Burnip,Nuclear Power Engineer,MNuclear Power Engineer,Nuclear Power Engineer,fburnipi6,Armenian
656,Gabbey,Kubacek,Senior Cost Accountant,FSenior Cost Accountant,Senior Cost Accountant,gkubaceki7,Luxembourgish
657,Seward,Heller,Human Resources Manager,MHuman Resources Manager,Human Resources Manager,shelleri8,Romanian
658,Nollie,Benedidick,Project Manager,FProject Manager,Project Manager,nbenedidicki9,Indonesian
659,Juliette,Sambiedge,Web Designer III,FWeb Designer III,Web Designer III,jsambiedgeia,Norwegian
660,Ethan,Louth,Analyst Programmer,MAnalyst Programmer,Analyst Programmer,elouthib,Punjabi
661,Wilona,Sharman,Teacher,FTeacher,Teacher,wsharmanic,Latvian
662,Gino,McKag,Editor,MEditor,Editor,gmckagid,Greek
663,Dedra,Cassy,Media Manager II,FMedia Manager II,Media Manager II,dcassyie,Albanian
664,Lukas,Simion,Administrative Assistant I,MAdministrative Assistant I,Administrative Assistant I,lsimionif,Assamese
665,Marion,Hedling,Nuclear Power Engineer,MNuclear Power Engineer,Nuclear Power Engineer,mhedlingig,Punjabi
666,Kippy,McGaughie,Senior Editor,MSenior Editor,Senior Editor,kmcgaughieih,Chinese
667,Jeffry,Eskriet,Design Engineer,MDesign Engineer,Design Engineer,jeskrietii,Lithuanian
668,Paddie,Brammall,Nuclear Power Engineer,MNuclear Power Engineer,Nuclear Power Engineer,pbrammallij,Gujarati
669,Laraine,Carncross,Executive Secretary,FExecutive Secretary,Executive Secretary,lcarncrossik,Luxembourgish
670,Doralia,Fanthom,Editor,FEditor,Editor,dfanthomil,Quechua
671,Fara,Barbrick,Research Associate,FResearch Associate,Research Associate,fbarbrickim,Estonian
672,Tremayne,Novacek,Nurse Practicioner,MNurse Practicioner,Nurse Practicioner,tnovacekin,Portuguese
673,Gladi,Moralis,VP Marketing,FVP Marketing,VP Marketing,gmoralisio,Dzongkha
674,Lianna,Kirgan,Programmer Analyst III,FProgrammer Analyst III,Programmer Analyst III,lkirganip,Kashmiri
675,Jameson,Josham,Help Desk Technician,MHelp Desk Technician,Help Desk Technician,jjoshamiq,Irish Gaelic
676,Lynnette,Bourgaize,Help Desk Technician,FHelp Desk Technician,Help Desk Technician,lbourgaizeir,Dutch
677,Ivett,Knowlson,Speech Pathologist,FSpeech Pathologist,Speech Pathologist,iknowlsonis,Hebrew
678,Woodman,Huffadine,Financial Advisor,MFinancial Advisor,Financial Advisor,whuffadineit,Thai
679,Tandie,Bryceson,Budget/Accounting Analyst IV,FBudget/Accounting Analyst IV,Budget/Accounting Analyst IV,tbrycesoniu,Azeri
680,Putnam,Donnel,Accounting Assistant I,MAccounting Assistant I,Accounting Assistant I,pdonneliv,German
681,Robers,Crinion,Staff Scientist,MStaff Scientist,Staff Scientist,rcrinioniw,Moldovan
682,Pebrook,Abelwhite,Programmer Analyst I,MProgrammer Analyst I,Programmer Analyst I,pabelwhiteix,Sotho
683,Haleigh,Pering,Research Nurse,MResearch Nurse,Research Nurse,hperingiy,Norwegian
684,Bertha,Manes,Automation Specialist III,FAutomation Specialist III,Automation Specialist III,bmanesiz,Montenegrin
685,Ilysa,Ebbers,Computer Systems Analyst IV,FComputer Systems Analyst IV,Computer Systems Analyst IV,iebbersj0,Fijian
686,Boone,Troop,VP Quality Control,MVP Quality Control,VP Quality Control,btroopj1,English
687,Katrina,Sollowaye,Graphic Designer,FGraphic Designer,Graphic Designer,ksollowayej2,Hiri Motu
688,Basile,Kneath,Senior Financial Analyst,MSenior Financial Analyst,Senior Financial Analyst,bkneathj3,Ndebele
689,Felike,Wemes,Software Consultant,MSoftware Consultant,Software Consultant,fwemesj4,Kashmiri
690,Rolland,Shatliff,Biostatistician I,MBiostatistician I,Biostatistician I,rshatliffj5,English
691,Deena,Edie,Operator,FOperator,Operator,dediej6,New Zealand Sign Language
692,Trace,McSparran,Junior Executive,MJunior Executive,Junior Executive,tmcsparranj7,Chinese
693,Dorolisa,Howett,Tax Accountant,FTax Accountant,Tax Accountant,dhowettj8,Arabic
694,Othello,Cloughton,Research Assistant II,MResearch Assistant II,Research Assistant II,ocloughtonj9,Kannada
695,Lincoln,Genders,Environmental Specialist,MEnvironmental Specialist,Environmental Specialist,lgendersja,Nepali
696,Katharine,Ridings,Analog Circuit Design manager,FAnalog Circuit Design manager,Analog Circuit Design manager,kridingsjb,Albanian
697,Cris,Aubin,Financial Analyst,FFinancial Analyst,Financial Analyst,caubinjc,Icelandic
698,Norrie,Anstie,Professor,MProfessor,Professor,nanstiejd,Thai
699,Tami,Bortol,Assistant Media Planner,FAssistant Media Planner,Assistant Media Planner,tbortolje,Zulu
700,Mickie,Eveling,Human Resources Assistant III,MHuman Resources Assistant III,Human Resources Assistant III,mevelingjf,Nepali
701,Rhona,Swayte,Human Resources Assistant I,FHuman Resources Assistant I,Human Resources Assistant I,rswaytejg,English
702,Charles,McCoveney,Actuary,MActuary,Actuary,cmccoveneyjh,Maltese
703,Melloney,Currall,Mechanical Systems Engineer,FMechanical Systems Engineer,Mechanical Systems Engineer,mcurrallji,Dutch
704,Korrie,Clericoates,Software Engineer II,FSoftware Engineer II,Software Engineer II,kclericoatesjj,Montenegrin
705,Oby,Lanyon,Marketing Assistant,MMarketing Assistant,Marketing Assistant,olanyonjk,Moldovan
706,Alaric,Scruton,Dental Hygienist,MDental Hygienist,Dental Hygienist,ascrutonjl,Hindi
707,Cristina,Gehrtz,VP Accounting,FVP Accounting,VP Accounting,cgehrtzjm,Tamil
708,Derron,Durran,Budget/Accounting Analyst III,MBudget/Accounting Analyst III,Budget/Accounting Analyst III,ddurranjn,Aymara
709,Michelle,O'Kuddyhy,Analog Circuit Design manager,FAnalog Circuit Design manager,Analog Circuit Design manager,mokuddyhyjo,Malagasy
710,Carlotta,Denver,Speech Pathologist,FSpeech Pathologist,Speech Pathologist,cdenverjp,Somali
711,Reggi,Chimienti,Geological Engineer,FGeological Engineer,Geological Engineer,rchimientijq,Azeri
712,Ariella,Cherrison,Data Coordiator,FData Coordiator,Data Coordiator,acherrisonjr,Tok Pisin
713,Stoddard,Cicchinelli,Teacher,FTeacher,Teacher,scicchinellijs,Gagauz
714,Mariquilla,Gebb,Staff Scientist,FStaff Scientist,Staff Scientist,mgebbjt,Nepali
715,Fifine,Conniam,Account Executive,FAccount Executive,Account Executive,fconniamju,Yiddish
716,Rheba,Vonderdell,Geologist III,FGeologist III,Geologist III,rvonderdelljv,Irish Gaelic
717,Troy,Seine,Payment Adjustment Coordinator,MPayment Adjustment Coordinator,Payment Adjustment Coordinator,tseinejw,Tajik
718,Clement,Landeaux,Developer III,MDeveloper III,Developer III,clandeauxjx,Latvian
719,Tracey,Lenihan,Biostatistician III,FBiostatistician III,Biostatistician III,tlenihanjy,Lithuanian
720,Lilia,Caldicot,Junior Executive,FJunior Executive,Junior Executive,lcaldicotjz,Norwegian
721,Arv,Janowicz,VP Product Management,MVP Product Management,VP Product Management,ajanowiczk0,West Frisian
722,Marena,Tabor,VP Product Management,FVP Product Management,VP Product Management,mtabork1,Filipino
723,Audy,Scain,Product Engineer,FProduct Engineer,Product Engineer,ascaink2,Tswana
724,Karlie,Scoterbosh,Graphic Designer,FGraphic Designer,Graphic Designer,kscoterboshk3,Afrikaans
725,Stephani,Catterill,Financial Analyst,FFinancial Analyst,Financial Analyst,scatterillk4,Moldovan
726,Sheffy,Curtois,Web Designer II,MWeb Designer II,Web Designer II,scurtoisk5,Telugu
727,Maggy,Ivasechko,Business Systems Development Analyst,FBusiness Systems Development Analyst,Business Systems Development Analyst,mivasechkok6,Sotho
728,Rriocard,Zuanelli,Director of Sales,MDirector of Sales,Director of Sales,rzuanellik7,Thai
729,Denver,Braywood,Compensation Analyst,MCompensation Analyst,Compensation Analyst,dbraywoodk8,Swahili
730,Jayme,Cordingley,Community Outreach Specialist,FCommunity Outreach Specialist,Community Outreach Specialist,jcordingleyk9,Filipino
731,Cherry,De Bernardis,Nurse,FNurse,Nurse,cdebernardiska,Macedonian
732,Sherman,Dowzell,Web Designer II,MWeb Designer II,Web Designer II,sdowzellkb,Tajik
733,Had,Gerrit,Assistant Professor,MAssistant Professor,Assistant Professor,hgerritkc,Albanian
734,Anne-corinne,Selly,Senior Editor,FSenior Editor,Senior Editor,asellykd,Tsonga
735,Dorita,Siene,Food Chemist,FFood Chemist,Food Chemist,dsieneke,Spanish
736,Waylen,Christopher,Budget/Accounting Analyst II,MBudget/Accounting Analyst II,Budget/Accounting Analyst II,wchristopherkf,Telugu
737,Aubrette,Penfold,Assistant Manager,FAssistant Manager,Assistant Manager,apenfoldkg,Montenegrin
738,Beryle,Affleck,Assistant Manager,FAssistant Manager,Assistant Manager,baffleckkh,Tsonga
739,Lonnie,Kembley,Administrative Assistant IV,MAdministrative Assistant IV,Administrative Assistant IV,lkembleyki,Tok Pisin
740,Stevy,Thompstone,Pharmacist,MPharmacist,Pharmacist,sthompstonekj,Hiri Motu
741,Tallie,Northill,VP Sales,FVP Sales,VP Sales,tnorthillkk,Bislama
742,Filide,Chipperfield,Financial Analyst,FFinancial Analyst,Financial Analyst,fchipperfieldkl,Italian
743,Case,Aasaf,Tax Accountant,MTax Accountant,Tax Accountant,caasafkm,English
744,Elianore,Thomsen,Social Worker,FSocial Worker,Social Worker,ethomsenkn,Lao
745,Chicky,Canellas,Social Worker,MSocial Worker,Social Worker,ccanellasko,Persian
746,Hercule,Townrow,Research Assistant IV,MResearch Assistant IV,Research Assistant IV,htownrowkp,Malagasy
747,Arin,Looker,Programmer Analyst II,MProgrammer Analyst II,Programmer Analyst II,alookerkq,Ndebele
748,Rheta,Kellitt,Structural Engineer,FStructural Engineer,Structural Engineer,rkellittkr,Dari
749,Kessia,Pirelli,Project Manager,FProject Manager,Project Manager,kpirelliks,Tswana
750,Twyla,Pettko,Information Systems Manager,FInformation Systems Manager,Information Systems Manager,tpettkokt,Amharic
751,Angelia,Smurthwaite,Senior Editor,FSenior Editor,Senior Editor,asmurthwaiteku,Chinese
752,Duke,Klaassens,Biostatistician IV,MBiostatistician IV,Biostatistician IV,dklaassenskv,Hindi
753,Tobit,Dunne,Civil Engineer,MCivil Engineer,Civil Engineer,tdunnekw,Tajik
754,Tulley,Giacobillo,Analog Circuit Design manager,MAnalog Circuit Design manager,Analog Circuit Design manager,tgiacobillokx,Dutch
755,Fan,Wagnerin,Budget/Accounting Analyst I,FBudget/Accounting Analyst I,Budget/Accounting Analyst I,fwagnerinky,Punjabi
756,Charil,Spawforth,Project Manager,FProject Manager,Project Manager,cspawforthkz,Lithuanian
757,Fannie,Scawn,VP Marketing,FVP Marketing,VP Marketing,fscawnl0,Kashmiri
758,Jaclin,McTaggart,Technical Writer,FTechnical Writer,Technical Writer,jmctaggartl1,Afrikaans
759,Burg,Wicklin,Sales Representative,MSales Representative,Sales Representative,bwicklinl2,Montenegrin
760,Benjy,Akett,Assistant Media Planner,MAssistant Media Planner,Assistant Media Planner,bakettl3,Swati
761,Fleur,Lammenga,Legal Assistant,FLegal Assistant,Legal Assistant,flammengal4,Gagauz
762,Jenilee,Ben,Design Engineer,FDesign Engineer,Design Engineer,jbenl5,Hiri Motu
763,Clarence,Olley,Business Systems Development Analyst,MBusiness Systems Development Analyst,Business Systems Development Analyst,colleyl6,Amharic
764,Irena,Backman,Software Consultant,FSoftware Consultant,Software Consultant,ibackmanl7,Afrikaans
765,Ellery,Highman,Assistant Media Planner,MAssistant Media Planner,Assistant Media Planner,ehighmanl8,Spanish
766,Milty,Colegate,Chemical Engineer,MChemical Engineer,Chemical Engineer,mcolegatel9,Sotho
767,Leoline,Kearney,Sales Associate,FSales Associate,Sales Associate,lkearneyla,Yiddish
768,Brynn,Giscken,VP Quality Control,FVP Quality Control,VP Quality Control,bgisckenlb,Croatian
769,Delora,Fellibrand,Web Developer II,FWeb Developer II,Web Developer II,dfellibrandlc,Oriya
770,Justino,Tallboy,Senior Cost Accountant,MSenior Cost Accountant,Senior Cost Accountant,jtallboyld,Hindi
771,Englebert,Gowrich,Teacher,MTeacher,Teacher,egowrichle,English
772,Renata,Bog,Nuclear Power Engineer,FNuclear Power Engineer,Nuclear Power Engineer,rboglf,Somali
773,Shel,Tillerton,Recruiting Manager,FRecruiting Manager,Recruiting Manager,stillertonlg,Papiamento
774,Saleem,Corrao,Software Consultant,MSoftware Consultant,Software Consultant,scorraolh,Azeri
775,Yankee,Matelyunas,Paralegal,MParalegal,Paralegal,ymatelyunasli,English
776,Liam,Tattersill,Office Assistant II,MOffice Assistant II,Office Assistant II,ltattersilllj,Portuguese
777,Zolly,Nulty,Statistician IV,MStatistician IV,Statistician IV,znultylk,Northern Sotho
778,Dwight,Munning,Account Coordinator,MAccount Coordinator,Account Coordinator,dmunningll,Tswana
779,Trever,Boshard,Internal Auditor,MInternal Auditor,Internal Auditor,tboshardlm,Pashto
780,Toinette,Keveren,Civil Engineer,FCivil Engineer,Civil Engineer,tkeverenln,Spanish
781,Lilly,McPhater,Sales Representative,FSales Representative,Sales Representative,lmcphaterlo,French
782,Ulrika,Mallan,Graphic Designer,FGraphic Designer,Graphic Designer,umallanlp,Armenian
783,Veriee,Rickett,Analyst Programmer,FAnalyst Programmer,Analyst Programmer,vrickettlq,Afrikaans
784,Mandie,Mattecot,Quality Control Specialist,FQuality Control Specialist,Quality Control Specialist,mmattecotlr,Persian
785,Elisabetta,Scanlon,Marketing Assistant,FMarketing Assistant,Marketing Assistant,escanlonls,Dari
786,Burgess,Joynt,Desktop Support Technician,MDesktop Support Technician,Desktop Support Technician,bjoyntlt,Assamese
787,Harmonia,Brandoni,Recruiting Manager,FRecruiting Manager,Recruiting Manager,hbrandonilu,Sotho
788,Hale,Pullin,Graphic Designer,MGraphic Designer,Graphic Designer,hpullinlv,Ndebele
789,Hewie,Bosman,Actuary,MActuary,Actuary,hbosmanlw,Northern Sotho
790,Dud,Mingardi,Administrative Officer,MAdministrative Officer,Administrative Officer,dmingardilx,Zulu
791,Jeramie,Edon,Librarian,MLibrarian,Librarian,jedonly,Somali
792,Beverly,Hallsworth,Web Designer II,FWeb Designer II,Web Designer II,bhallsworthlz,Amharic
793,Karalee,Haggleton,Senior Editor,FSenior Editor,Senior Editor,khaggletonm0,Swedish
794,Antoine,Sheardown,Assistant Professor,MAssistant Professor,Assistant Professor,asheardownm1,Aymara
795,Christabella,Sidnall,Social Worker,FSocial Worker,Social Worker,csidnallm2,Kazakh
796,Glen,Vogl,Teacher,MTeacher,Teacher,gvoglm3,Malayalam
797,Stoddard,Valintine,Software Test Engineer IV,FSoftware Test Engineer IV,Software Test Engineer IV,svalintinem4,Fijian
798,Marissa,Toping,General Manager,FGeneral Manager,General Manager,mtopingm5,Swahili
799,Selle,Blazhevich,Associate Professor,FAssociate Professor,Associate Professor,sblazhevichm6,Arabic
800,Dido,Bett,Clinical Specialist,FClinical Specialist,Clinical Specialist,dbettm7,Filipino
801,Ginnifer,Corsor,Mechanical Systems Engineer,FMechanical Systems Engineer,Mechanical Systems Engineer,gcorsorm8,English
802,Kenton,Axon,Teacher,MTeacher,Teacher,kaxonm9,New Zealand Sign Language
803,Carilyn,Rego,Research Assistant I,FResearch Assistant I,Research Assistant I,cregoma,Filipino
804,Ashely,Shevill,Software Engineer I,FSoftware Engineer I,Software Engineer I,ashevillmb,Romanian
805,Gerry,Lait,Systems Administrator IV,MSystems Administrator IV,Systems Administrator IV,glaitmc,Polish
806,Glory,Gawith,Director of Sales,FDirector of Sales,Director of Sales,ggawithmd,Dzongkha
807,Tanitansy,Danilchik,VP Sales,FVP Sales,VP Sales,tdanilchikme,Aymara
808,Tamma,Hinge,Accountant II,FAccountant II,Accountant II,thingemf,Punjabi
809,Rog,Varden,VP Accounting,MVP Accounting,VP Accounting,rvardenmg,Ndebele
810,Johannes,Matterface,Research Assistant IV,MResearch Assistant IV,Research Assistant IV,jmatterfacemh,New Zealand Sign Language
811,Filbert,Littlejohns,Senior Financial Analyst,MSenior Financial Analyst,Senior Financial Analyst,flittlejohnsmi,Oriya
812,Jorie,Jaray,Database Administrator II,FDatabase Administrator II,Database Administrator II,jjaraymj,Bosnian
813,Shawn,Aubert,Financial Analyst,FFinancial Analyst,Financial Analyst,saubertmk,Bengali
814,Gery,Cristea,Database Administrator IV,MDatabase Administrator IV,Database Administrator IV,gcristeaml,English
815,Jamima,Barkshire,General Manager,FGeneral Manager,General Manager,jbarkshiremm,Malayalam
816,Julissa,Tonkin,Associate Professor,FAssociate Professor,Associate Professor,jtonkinmn,Bulgarian
817,Arvy,Sydney,Recruiting Manager,MRecruiting Manager,Recruiting Manager,asydneymo,Azeri
818,Roxana,Tolmie,Sales Associate,FSales Associate,Sales Associate,rtolmiemp,Tsonga
819,Ashly,Ferrige,Help Desk Technician,FHelp Desk Technician,Help Desk Technician,aferrigemq,West Frisian
820,Ardene,Summerlee,Software Test Engineer II,FSoftware Test Engineer II,Software Test Engineer II,asummerleemr,Croatian
821,Willetta,Coggins,Analog Circuit Design manager,FAnalog Circuit Design manager,Analog Circuit Design manager,wcogginsms,Hungarian
822,Bryce,Sears,Staff Accountant III,MStaff Accountant III,Staff Accountant III,bsearsmt,Papiamento
823,Dimitry,Leijs,Librarian,MLibrarian,Librarian,dleijsmu,Māori
824,Kathy,Scamwell,Software Consultant,FSoftware Consultant,Software Consultant,kscamwellmv,Bosnian
825,Arnie,Millier,Budget/Accounting Analyst II,MBudget/Accounting Analyst II,Budget/Accounting Analyst II,amilliermw,Catalan
826,Maynard,Worviell,Clinical Specialist,MClinical Specialist,Clinical Specialist,mworviellmx,Icelandic
827,Neils,Barling,Executive Secretary,MExecutive Secretary,Executive Secretary,nbarlingmy,Kannada
828,Rutherford,Camelia,Nurse,MNurse,Nurse,rcameliamz,Tsonga
829,Kerk,Schumacher,Chemical Engineer,MChemical Engineer,Chemical Engineer,kschumachern0,Polish
830,Kasey,Peealess,Civil Engineer,FCivil Engineer,Civil Engineer,kpeealessn1,Tajik
831,Griffin,Andrioni,Mechanical Systems Engineer,MMechanical Systems Engineer,Mechanical Systems Engineer,gandrionin2,Kashmiri
832,Husain,Coatman,Structural Analysis Engineer,MStructural Analysis Engineer,Structural Analysis Engineer,hcoatmann3,Northern Sotho
833,Lorinda,Friedenbach,Recruiter,FRecruiter,Recruiter,lfriedenbachn4,Guaraní
834,Mozelle,Melhuish,Programmer II,FProgrammer II,Programmer II,mmelhuishn5,Fijian
835,Freedman,Arnoll,Payment Adjustment Coordinator,MPayment Adjustment Coordinator,Payment Adjustment Coordinator,farnolln6,Papiamento
836,Jordon,Kimber,Web Designer IV,MWeb Designer IV,Web Designer IV,jkimbern7,Danish
837,Hephzibah,Barson,Sales Representative,FSales Representative,Sales Representative,hbarsonn8,Czech
838,Gordan,Klich,Marketing Manager,MMarketing Manager,Marketing Manager,gklichn9,Lithuanian
839,Bradley,Giovannazzi,Accountant III,MAccountant III,Accountant III,bgiovannazzina,Luxembourgish
840,Fran,Haswell,Nuclear Power Engineer,FNuclear Power Engineer,Nuclear Power Engineer,fhaswellnb,Montenegrin
841,Florentia,Elsom,VP Sales,FVP Sales,VP Sales,felsomnc,Albanian
842,Josie,Phettis,Project Manager,FProject Manager,Project Manager,jphettisnd,Tswana
843,Scarface,Dudek,Help Desk Operator,MHelp Desk Operator,Help Desk Operator,sdudekne,Azeri
844,Lindsay,Measor,Programmer IV,MProgrammer IV,Programmer IV,lmeasornf,Azeri
845,Roze,Rispen,VP Product Management,FVP Product Management,VP Product Management,rrispenng,Lithuanian
846,Janis,Yosevitz,Budget/Accounting Analyst III,FBudget/Accounting Analyst III,Budget/Accounting Analyst III,jyosevitznh,Polish
847,Drucill,McGarrie,Registered Nurse,FRegistered Nurse,Registered Nurse,dmcgarrieni,Hindi
848,Erasmus,Beddall,Web Designer II,MWeb Designer II,Web Designer II,ebeddallnj,Portuguese
849,Maude,Feaveryear,Librarian,FLibrarian,Librarian,mfeaveryearnk,Punjabi
850,Garvey,Aspinal,Executive Secretary,MExecutive Secretary,Executive Secretary,gaspinalnl,Finnish
851,Dari,Newbury,Sales Associate,FSales Associate,Sales Associate,dnewburynm,Arabic
852,Adoree,Sergent,Registered Nurse,FRegistered Nurse,Registered Nurse,asergentnn,Hiri Motu
853,Aurore,Cornilleau,Recruiter,FRecruiter,Recruiter,acornilleauno,Khmer
854,Arther,Goddman,Registered Nurse,MRegistered Nurse,Registered Nurse,agoddmannp,Punjabi
855,Wilbert,Suttell,Registered Nurse,MRegistered Nurse,Registered Nurse,wsuttellnq,Moldovan
856,Ximenez,Cloke,Data Coordiator,MData Coordiator,Data Coordiator,xclokenr,Punjabi
857,Aymer,Standall,Nurse Practicioner,MNurse Practicioner,Nurse Practicioner,astandallns,West Frisian
858,Mallissa,Grove,Assistant Media Planner,FAssistant Media Planner,Assistant Media Planner,mgrovent,Armenian
859,Kacy,Membry,Administrative Assistant I,FAdministrative Assistant I,Administrative Assistant I,kmembrynu,Hungarian
860,Keelby,Reast,Chemical Engineer,MChemical Engineer,Chemical Engineer,kreastnv,Ndebele
861,Dedie,Rozenzweig,Programmer Analyst III,FProgrammer Analyst III,Programmer Analyst III,drozenzweignw,Lithuanian
862,Dosi,Gooderidge,Account Representative III,FAccount Representative III,Account Representative III,dgooderidgenx,French
863,Giana,Gilbane,Senior Sales Associate,FSenior Sales Associate,Senior Sales Associate,ggilbaneny,Luxembourgish
864,Ebenezer,Barrett,Account Coordinator,MAccount Coordinator,Account Coordinator,ebarrettnz,French
865,Darcy,Fern,Data Coordiator,MData Coordiator,Data Coordiator,dferno0,Tsonga
866,Nichole,Wetherell,Executive Secretary,MExecutive Secretary,Executive Secretary,nwetherello1,Finnish
867,Fernando,Huddles,Quality Control Specialist,MQuality Control Specialist,Quality Control Specialist,fhuddleso2,Armenian
868,Melania,Shipsey,Registered Nurse,FRegistered Nurse,Registered Nurse,mshipseyo3,Somali
869,Adela,Ivanikhin,Dental Hygienist,FDental Hygienist,Dental Hygienist,aivanikhino4,Dari
870,Carina,Franciotti,Compensation Analyst,FCompensation Analyst,Compensation Analyst,cfranciottio5,Māori
871,Claudelle,Labrum,Database Administrator IV,FDatabase Administrator IV,Database Administrator IV,clabrumo6,Czech
872,Lauraine,Orrick,Financial Advisor,FFinancial Advisor,Financial Advisor,lorricko7,Hungarian
873,Meredith,Bastow,Programmer II,MProgrammer II,Programmer II,mbastowo8,Guaraní
874,Chickie,Ugo,Mechanical Systems Engineer,FMechanical Systems Engineer,Mechanical Systems Engineer,cugoo9,French
875,Fernandina,Rumbelow,Structural Engineer,FStructural Engineer,Structural Engineer,frumbelowoa,Hebrew
876,Brad,Giraldo,Quality Control Specialist,MQuality Control Specialist,Quality Control Specialist,bgiraldoob,Swedish
877,Merv,Mournian,Clinical Specialist,MClinical Specialist,Clinical Specialist,mmournianoc,Amharic
878,Brnaby,Benasik,VP Marketing,MVP Marketing,VP Marketing,bbenasikod,Māori
879,Germayne,Beaman,Payment Adjustment Coordinator,MPayment Adjustment Coordinator,Payment Adjustment Coordinator,gbeamanoe,Danish
880,Myrta,Kidder,Speech Pathologist,FSpeech Pathologist,Speech Pathologist,mkidderof,Dzongkha
881,Casi,Sprowell,Graphic Designer,FGraphic Designer,Graphic Designer,csprowellog,Burmese
882,Kristen,Purvey,Human Resources Assistant II,FHuman Resources Assistant II,Human Resources Assistant II,kpurveyoh,Persian
883,Nichole,Philimore,Geological Engineer,MGeological Engineer,Geological Engineer,nphilimoreoi,Moldovan
884,Lynelle,Klempke,Structural Analysis Engineer,FStructural Analysis Engineer,Structural Analysis Engineer,lklempkeoj,Moldovan
885,Augustina,Bickerdicke,Tax Accountant,FTax Accountant,Tax Accountant,abickerdickeok,Malagasy
886,Jackson,Conwell,Operator,MOperator,Operator,jconwellol,Punjabi
887,Jephthah,Stenett,Programmer III,MProgrammer III,Programmer III,jstenettom,Japanese
888,Axe,Sabates,Analog Circuit Design manager,MAnalog Circuit Design manager,Analog Circuit Design manager,asabateson,Assamese
889,Melisandra,Lenormand,Operator,FOperator,Operator,mlenormandoo,Persian
890,Cornelia,Chastaing,Cost Accountant,FCost Accountant,Cost Accountant,cchastaingop,Korean
891,Earl,Horsley,Financial Advisor,MFinancial Advisor,Financial Advisor,ehorsleyoq,Amharic
892,Bianca,Endrizzi,Systems Administrator III,FSystems Administrator III,Systems Administrator III,bendrizzior,Hungarian
893,Danya,Kovalski,Quality Engineer,MQuality Engineer,Quality Engineer,dkovalskios,Hiri Motu
894,Dee,Mitrovic,Assistant Media Planner,FAssistant Media Planner,Assistant Media Planner,dmitrovicot,Bulgarian
895,Paige,MacDermot,Graphic Designer,FGraphic Designer,Graphic Designer,pmacdermotou,Tok Pisin
896,Edd,Grishakin,Pharmacist,MPharmacist,Pharmacist,egrishakinov,Irish Gaelic
897,Iorgo,Doeg,Junior Executive,MJunior Executive,Junior Executive,idoegow,Indonesian
898,Taite,Dundridge,Registered Nurse,MRegistered Nurse,Registered Nurse,tdundridgeox,Telugu
899,Gerladina,Soldan,Nurse Practicioner,FNurse Practicioner,Nurse Practicioner,gsoldanoy,Quechua
900,Garrick,Tewes,Technical Writer,MTechnical Writer,Technical Writer,gtewesoz,Dutch
901,Bud,Kundert,VP Quality Control,MVP Quality Control,VP Quality Control,bkundertp0,Georgian
902,Elvyn,Staley,GIS Technical Architect,MGIS Technical Architect,GIS Technical Architect,estaleyp1,Punjabi
903,Fred,Vertey,Data Coordiator,FData Coordiator,Data Coordiator,fverteyp2,Swedish
904,Hewett,Franzotto,Graphic Designer,MGraphic Designer,Graphic Designer,hfranzottop3,Bengali
905,Ellwood,Leeuwerink,Financial Advisor,MFinancial Advisor,Financial Advisor,eleeuwerinkp4,Danish
906,Abby,Opy,Food Chemist,MFood Chemist,Food Chemist,aopyp5,Haitian Creole
907,Damien,Bettanay,Technical Writer,MTechnical Writer,Technical Writer,dbettanayp6,Haitian Creole
908,Vania,MacAllaster,Financial Analyst,FFinancial Analyst,Financial Analyst,vmacallasterp7,Burmese
909,Bobbye,Moyse,Sales Representative,FSales Representative,Sales Representative,bmoysep8,Marathi
910,Zacharie,Craxford,VP Marketing,MVP Marketing,VP Marketing,zcraxfordp9,Somali
911,Celestine,Oliva,VP Accounting,FVP Accounting,VP Accounting,colivapa,Guaraní
912,Bruis,Le Brum,Physical Therapy Assistant,MPhysical Therapy Assistant,Physical Therapy Assistant,blebrumpb,Amharic
913,Gilles,Pauley,Environmental Tech,MEnvironmental Tech,Environmental Tech,gpauleypc,Japanese
914,Mariska,Leeburne,Web Developer IV,FWeb Developer IV,Web Developer IV,mleeburnepd,Danish
915,Daron,Phette,Clinical Specialist,FClinical Specialist,Clinical Specialist,dphettepe,Dhivehi
916,Fay,Melson,Registered Nurse,FRegistered Nurse,Registered Nurse,fmelsonpf,Haitian Creole
917,Ingaborg,Laherty,Nurse Practicioner,FNurse Practicioner,Nurse Practicioner,ilahertypg,Amharic
918,Kinna,Molloy,Geological Engineer,FGeological Engineer,Geological Engineer,kmolloyph,Oriya
919,Nate,Bengle,Office Assistant I,MOffice Assistant I,Office Assistant I,nbenglepi,Hebrew
920,Shae,Gillebert,Assistant Professor,FAssistant Professor,Assistant Professor,sgillebertpj,Japanese
921,Arlee,Ollerhead,VP Quality Control,FVP Quality Control,VP Quality Control,aollerheadpk,Malagasy
922,Logan,Bellerby,Office Assistant I,MOffice Assistant I,Office Assistant I,lbellerbypl,Swati
923,Marne,Sydney,Account Executive,FAccount Executive,Account Executive,msydneypm,Czech
924,Jami,Jewise,Chief Design Engineer,FChief Design Engineer,Chief Design Engineer,jjewisepn,Japanese
925,Bekki,Palke,Clinical Specialist,FClinical Specialist,Clinical Specialist,bpalkepo,Chinese
926,Harmony,Hindhaugh,Sales Representative,FSales Representative,Sales Representative,hhindhaughpp,Kyrgyz
927,Kennith,Monckton,Internal Auditor,MInternal Auditor,Internal Auditor,kmoncktonpq,Quechua
928,Udall,Keesman,Technical Writer,MTechnical Writer,Technical Writer,ukeesmanpr,Burmese
929,Homere,Szubert,Junior Executive,MJunior Executive,Junior Executive,hszubertps,Yiddish
930,Hugo,Maides,Librarian,MLibrarian,Librarian,hmaidespt,Chinese
931,Vaclav,Deverell,Analyst Programmer,MAnalyst Programmer,Analyst Programmer,vdeverellpu,Haitian Creole
932,Burch,Kirlin,Programmer Analyst IV,MProgrammer Analyst IV,Programmer Analyst IV,bkirlinpv,Romanian
933,Vail,Reneke,Software Consultant,MSoftware Consultant,Software Consultant,vrenekepw,Estonian
934,Tobiah,Hof,Senior Cost Accountant,MSenior Cost Accountant,Senior Cost Accountant,thofpx,Hebrew
935,Phoebe,Somers,Developer III,FDeveloper III,Developer III,psomerspy,Māori
936,Cathrine,Whanstall,Marketing Assistant,FMarketing Assistant,Marketing Assistant,cwhanstallpz,Bosnian
937,Karmen,Walliker,Compensation Analyst,FCompensation Analyst,Compensation Analyst,kwallikerq0,Tok Pisin
938,Fee,Arkell,Associate Professor,MAssociate Professor,Associate Professor,farkellq1,Kazakh
939,Analiese,MacManus,Structural Engineer,FStructural Engineer,Structural Engineer,amacmanusq2,Marathi
940,Margarethe,Talby,Research Associate,FResearch Associate,Research Associate,mtalbyq3,Maltese
941,Estrellita,Blowing,Safety Technician IV,FSafety Technician IV,Safety Technician IV,eblowingq4,Croatian
942,Sophie,Fawbert,Senior Financial Analyst,FSenior Financial Analyst,Senior Financial Analyst,sfawbertq5,Montenegrin
943,Letty,Pavie,Payment Adjustment Coordinator,FPayment Adjustment Coordinator,Payment Adjustment Coordinator,lpavieq6,Georgian
944,Catherine,Thay,Editor,FEditor,Editor,cthayq7,Azeri
945,Hilliard,Dubock,Financial Advisor,MFinancial Advisor,Financial Advisor,hdubockq8,Luxembourgish
946,Karlan,Yashin,Editor,MEditor,Editor,kyashinq9,Fijian
947,Christi,Caso,Account Coordinator,FAccount Coordinator,Account Coordinator,ccasoqa,Greek
948,Ricard,Bentke,Programmer I,MProgrammer I,Programmer I,rbentkeqb,Kannada
949,Prinz,Jacqueme,Speech Pathologist,MSpeech Pathologist,Speech Pathologist,pjacquemeqc,Punjabi
950,Cybil,Marks,Account Executive,FAccount Executive,Account Executive,cmarksqd,Northern Sotho
951,Keelia,Tear,Chief Design Engineer,FChief Design Engineer,Chief Design Engineer,ktearqe,Assamese
952,Carleen,Komorowski,Legal Assistant,FLegal Assistant,Legal Assistant,ckomorowskiqf,Tswana
953,Kelsy,Flint,Internal Auditor,FInternal Auditor,Internal Auditor,kflintqg,New Zealand Sign Language
954,Darill,Kleeman,Staff Accountant II,MStaff Accountant II,Staff Accountant II,dkleemanqh,Estonian
955,Colleen,Judgkins,Associate Professor,FAssociate Professor,Associate Professor,cjudgkinsqi,Czech
956,Evangelia,Spavins,Research Nurse,FResearch Nurse,Research Nurse,espavinsqj,Fijian
957,Haleigh,Will,Analog Circuit Design manager,MAnalog Circuit Design manager,Analog Circuit Design manager,hwillqk,Haitian Creole
958,Rosabel,Andriss,Human Resources Manager,FHuman Resources Manager,Human Resources Manager,randrissql,Kurdish
959,Robin,Tolliday,Recruiter,FRecruiter,Recruiter,rtollidayqm,Oriya
960,Abie,Coker,Graphic Designer,MGraphic Designer,Graphic Designer,acokerqn,Malayalam
961,Koressa,Trays,Accounting Assistant IV,FAccounting Assistant IV,Accounting Assistant IV,ktraysqo,Hebrew
962,Shelbi,Mattioli,Electrical Engineer,FElectrical Engineer,Electrical Engineer,smattioliqp,Filipino
963,Tarra,Tenny,Statistician III,FStatistician III,Statistician III,ttennyqq,Macedonian
964,George,Mothersole,Senior Quality Engineer,MSenior Quality Engineer,Senior Quality Engineer,gmothersoleqr,Pashto
965,Wilton,Palister,Speech Pathologist,MSpeech Pathologist,Speech Pathologist,wpalisterqs,Oriya
966,Amanda,Blaasch,Research Nurse,FResearch Nurse,Research Nurse,ablaaschqt,New Zealand Sign Language
967,Drusi,Daniellot,Design Engineer,FDesign Engineer,Design Engineer,ddaniellotqu,Azeri
968,Ahmed,Bulleyn,Web Designer I,MWeb Designer I,Web Designer I,abulleynqv,Swati
969,Thaddeus,Stadden,Electrical Engineer,MElectrical Engineer,Electrical Engineer,tstaddenqw,Georgian
970,Ailina,Tarver,Occupational Therapist,FOccupational Therapist,Occupational Therapist,atarverqx,New Zealand Sign Language
971,Sib,Jennrich,Account Coordinator,FAccount Coordinator,Account Coordinator,sjennrichqy,Yiddish
972,Adina,MacBain,Senior Editor,FSenior Editor,Senior Editor,amacbainqz,Tswana
973,Patrica,Dilston,Clinical Specialist,FClinical Specialist,Clinical Specialist,pdilstonr0,Malay
974,Nonah,Garstang,Registered Nurse,FRegistered Nurse,Registered Nurse,ngarstangr1,Italian
975,Libbie,Traynor,Design Engineer,FDesign Engineer,Design Engineer,ltraynorr2,Filipino
976,Veronike,Birwhistle,Help Desk Technician,FHelp Desk Technician,Help Desk Technician,vbirwhistler3,Afrikaans
977,Russ,MacKeller,Recruiter,MRecruiter,Recruiter,rmackellerr4,Romanian
978,Rakel,Mumm,Help Desk Technician,FHelp Desk Technician,Help Desk Technician,rmummr5,Afrikaans
979,Gavra,L'Amie,Data Coordiator,FData Coordiator,Data Coordiator,glamier6,Kurdish
980,Gilbert,Tawn,Geologist IV,MGeologist IV,Geologist IV,gtawnr7,Kurdish
981,Cly,Dumpleton,Food Chemist,MFood Chemist,Food Chemist,cdumpletonr8,Lithuanian
982,Jorge,Petrasek,Electrical Engineer,MElectrical Engineer,Electrical Engineer,jpetrasekr9,Northern Sotho
983,Zane,Gomez,Business Systems Development Analyst,MBusiness Systems Development Analyst,Business Systems Development Analyst,zgomezra,German
984,Bendix,Suarez,Operator,MOperator,Operator,bsuarezrb,Maltese
985,Kiele,Ridoutt,Accountant I,FAccountant I,Accountant I,kridouttrc,Tetum
986,Kelli,Undrill,Civil Engineer,FCivil Engineer,Civil Engineer,kundrillrd,Swahili
987,Dilly,Blankhorn,Quality Control Specialist,MQuality Control Specialist,Quality Control Specialist,dblankhornre,Oriya
988,Lennie,Walburn,Financial Analyst,MFinancial Analyst,Financial Analyst,lwalburnrf,Kyrgyz
989,Saleem,Karlik,Help Desk Operator,MHelp Desk Operator,Help Desk Operator,skarlikrg,Afrikaans
990,Salomo,Schlagman,Accounting Assistant III,MAccounting Assistant III,Accounting Assistant III,sschlagmanrh,Kashmiri
991,Faydra,Glasard,Internal Auditor,FInternal Auditor,Internal Auditor,fglasardri,Swahili
992,Fernando,Kirdsch,Recruiting Manager,MRecruiting Manager,Recruiting Manager,fkirdschrj,Macedonian
993,Aldwin,Semerad,Staff Scientist,MStaff Scientist,Staff Scientist,asemeradrk,Latvian
994,Krista,Kerslake,Quality Control Specialist,FQuality Control Specialist,Quality Control Specialist,kkerslakerl,Azeri
995,Concordia,Hansana,Administrative Assistant II,FAdministrative Assistant II,Administrative Assistant II,chansanarm,Tok Pisin
996,Briny,Tresvina,Operator,FOperator,Operator,btresvinarn,Estonian
997,Theobald,Swatten,Senior Financial Analyst,MSenior Financial Analyst,Senior Financial Analyst,tswattenro,Moldovan
998,Lilyan,Lorkin,Professor,FProfessor,Professor,llorkinrp,Portuguese
999,Derward,Bruff,Accountant I,MAccountant I,Accountant I,dbruffrq,Kyrgyz
1000,Julia,Koppes,Assistant Professor,FAssistant Professor,Assistant Professor,jkoppesrr,Arabic
